genome_ID,CRISPR_Cas,AMR
GCA_010120755.1_ASM1012075v1,0,8
GCA_001720945.1_ASM172094v1,0,21
GCA_009697285.1_ASM969728v1,0,13
GCA_900639535.1_E8202_hybrid_assembly,0,11
GCA_002007625.1_ASM200762v1,0,18
GCA_900639715.1_E8414_hybrid_assembly,0,14
GCA_900639485.1_E7240_hybrid_assembly,0,25
GCA_002025045.1_ASM202504v1,0,20
GCA_016415405.1_ASM1641540v1,0,17
GCA_001518735.1_ASM151873v1,0,14
GCA_016415285.1_ASM1641528v1,0,16
GCA_001895905.1_ASM189590v1,0,21
GCA_001886635.1_ASM188663v1,0,9
GCA_900639465.1_E7429_hybrid_assembly,0,17
GCA_900639545.1_E7933_hybrid_assembly,0,19
GCA_900639615.1_E8328_hybrid_assembly,0,7
GCA_900639595.1_E8377_hybrid_assembly,0,18
GCA_900639625.1_E8284_hybrid_assembly,0,17
GCA_016406465.1_ASM1640646v1,0,18
GCA_900639395.1_E6975_hybrid_assembly,0,19
GCA_016415025.1_ASM1641502v1,0,14
GCA_016406545.1_ASM1640654v1,0,17
GCA_005886715.1_ASM588671v1,0,16
GCA_005886735.1_ASM588673v1,0,17
GCA_003020765.1_ASM302076v1,0,19
GCA_016406365.1_ASM1640636v1,0,17
GCA_016406525.1_ASM1640652v1,0,17
GCA_002025065.1_ASM202506v1,0,21
GCA_014490015.1_ASM1449001v1,0,16
GCA_016406345.1_ASM1640634v1,0,15
GCA_008728475.1_ASM872847v1,0,15
GCA_900639605.1_E8290_hybrid_assembly,0,18
GCA_016406505.1_ASM1640650v1,0,18
GCA_900639505.1_E7356_hybrid_assembly,0,17
GCA_016415505.1_ASM1641550v1,0,18
GCA_900092475.1_Ef_aus00233,0,15
GCA_016406565.1_ASM1640656v1,0,17
GCA_008728455.1_ASM872845v1,0,16
GCA_003020685.1_ASM302068v1,0,16
GCA_003071445.1_ASM307144v1,0,15
GCA_016406585.1_ASM1640658v1,0,14
GCA_900639495.1_E7471_hybrid_assembly,0,17
GCA_003071425.1_ASM307142v1,0,15
GCA_016415105.1_ASM1641510v1,0,17
GCA_015325925.1_ASM1532592v1,0,16
GCA_016406385.1_ASM1640638v1,0,18
GCA_016415325.1_ASM1641532v1,0,17
GCA_003957785.1_ASM395778v1,0,25
GCA_016406405.1_ASM1640640v1,0,17
GCA_016415425.1_ASM1641542v1,0,17
GCA_015999605.1_ASM1599960v1,0,17
GCA_016415465.1_ASM1641546v1,0,17
GCA_016406425.1_ASM1640642v1,0,17
GCA_015999425.1_ASM1599942v1,0,14
GCA_002848745.1_ASM284874v1,0,7
GCA_002848705.1_ASM284870v1,0,7
GCA_012933195.2_ASM1293319v2,0,17
GCA_002848645.1_ASM284864v1,0,18
GCA_002848665.1_ASM284866v1,0,18
GCA_002777275.1_ASM277727v1,0,19
GCA_002761255.1_ASM276125v1,0,19
GCA_002761275.1_ASM276127v1,0,19
GCA_002848685.1_ASM284868v1,0,18
GCA_002848725.1_ASM284872v1,0,18
GCA_900639575.1_E8014_hybrid_assembly,0,16
GCA_002848625.1_ASM284862v1,0,7
GCA_003020745.1_ASM302074v1,0,16
GCA_016126675.1_ASM1612667v1,0,16
GCA_016415485.1_ASM1641548v1,0,18
GCA_016406445.1_ASM1640644v1,0,18
GCA_002973755.2_ASM297375v2,0,22
GCA_003020725.1_ASM302072v1,0,24
GCA_007917315.2_ASM791731v2,0,15
GCA_007917035.3_ASM791703v3,0,15
GCA_001721065.1_ASM172106v1,0,18
GCA_015999405.1_ASM1599940v1,0,17
GCA_016406605.1_ASM1640660v1,0,17
GCA_016415445.1_ASM1641544v1,0,19
GCA_900639565.1_E8195_hybrid_assembly,0,9
GCA_900639445.1_E7199_hybrid_assembly,0,18
GCA_016415365.1_ASM1641536v1,0,16
GCA_016415385.1_ASM1641538v1,0,16
GCA_005886655.1_ASM588665v1,0,16
GCA_012933075.2_ASM1293307v2,0,13
GCA_005886545.1_ASM588654v1,0,16
GCA_001721905.1_ASM172190v1,0,17
GCA_002880635.1_ASM288063v1,0,18
GCA_016415345.1_ASM1641534v1,0,13
GCA_012933165.2_ASM1293316v2,0,13
GCA_001953235.1_ASM195323v1,0,18
GCA_900639355.1_E7025_hybrid_assembly,0,19
GCA_005576735.1_ASM557673v1,0,9
GCA_002024245.1_ASM202424v1,0,19
GCA_900639365.1_E7171_hybrid_assembly,0,19
GCA_016415565.1_ASM1641556v1,0,18
GCA_009938285.1_ASM993828v1,0,17
GCA_001953255.1_ASM195325v1,0,18
GCA_016415545.1_ASM1641554v1,0,14
GCA_012933295.2_ASM1293329v2,0,18
GCA_015476295.1_ASM1547629v1,0,11
GCA_009734005.2_ASM973400v2,0,8
GCA_012933055.2_ASM1293305v2,0,17
GCA_014874615.1_ASM1487461v1,0,17
GCA_900639515.1_E7654_hybrid_assembly,0,18
GCA_001635875.1_ASM163587v1,0,17
GCA_012933265.2_ASM1293326v2,0,18
GCA_012933345.2_ASM1293334v2,0,20
GCA_002848385.1_ASM284838v1,0,16
GCA_900044005.1_ASM90004400v1,0,8
GCA_006575625.1_ASM657562v1,0,8
GCA_001750885.1_ASM175088v1,0,10
GCA_016406485.1_ASM1640648v1,0,25
GCA_900639525.1_E7663_hybrid_assembly,0,18
GCA_900638825.1_E4438_hybrid_assembly,0,4
GCA_002442955.1_ASM244295v1,0,13
GCA_002334625.1_ASM233462v1,0,10
GCA_009938075.1_ASM993807v1,0,8
GCA_003020705.1_ASM302070v1,0,17
GCA_012933245.2_ASM1293324v2,0,13
GCA_900638805.1_E4402_hybrid_assembly,0,4
GCA_900639415.1_E6988_hybrid_assembly,0,17
GCA_003667965.1_ASM366796v1,0,3
GCA_015377765.1_ASM1537776v1,0,3
GCA_006007925.1_ASM600792v1,0,12
GCA_012932975.2_ASM1293297v2,0,17
GCA_900639335.1_E7067_hybrid_assembly,0,16
GCA_012932985.2_ASM1293298v2,0,17
GCA_900639345.1_E6055_hybrid_assembly,0,16
GCA_012933285.2_ASM1293328v2,0,20
GCA_005952885.1_ASM595288v1,0,23
GCA_900639455.1_E7237_hybrid_assembly,0,15
GCA_900639405.1_E4457_hybrid_assembly,0,12
GCA_000174395.2_ASM17439v2,0,12
GCA_900639725.1_E8423_hybrid_assembly,0,18
GCA_004103475.1_ASM410347v1,1,3
GCA_000737555.1_ASM73755v1,0,3
GCA_900635415.1_E6043_hybrid_assembly,0,7
GCA_001412695.1_ASM141269v1,0,10
GCA_013201055.1_ASM1320105v1,0,3
GCA_011745645.1_ASM1174564v1,0,3
GCA_003269465.1_ASM326946v1,1,3
GCA_900639555.1_E8172_hybrid_assembly,0,15
GCA_900639425.1_E7098_hybrid_assembly,0,18
GCA_900638785.1_E1774_hybrid_assembly,0,15
GCA_900639385.1_E7040_hybrid_assembly,0,16
GCA_006337045.1_ASM633704v1,0,4
GCA_006280355.1_ASM628035v1,0,11
GCA_006351785.1_ASM635178v1,0,3
GCA_900639585.1_E7948_hybrid_assembly,0,17
GCA_900639745.1_E4456_hybrid_assembly,0,17
GCA_900639655.1_E8691_hybrid_assembly,0,8
GCA_000336405.1_ASM33640v1,0,3
GCA_012045365.1_ASM1204536v1,0,3
GCA_012045505.1_ASM1204550v1,0,3
GCA_002831505.1_ASM283150v1,0,19
GCA_004015145.1_ASM401514v1,0,3
GCA_009036045.1_ASM903604v1,0,13
GCA_006337145.1_ASM633714v1,0,3
GCA_900066025.1_Enterococcus_faecium_E1002_isolate,0,4
GCA_008000855.1_ASM800085v1,0,3
GCA_001587115.1_ASM158711v1,0,9
GCA_005166365.1_ASM516636v1,0,3
GCA_004332055.1_ASM433205v1,0,10
GCA_003574925.1_ASM357492v1,0,2
GCA_900639635.1_E8927_hybrid_assembly,0,14
GCA_004101385.1_ASM410138v1,1,3
GCA_008330605.1_ASM833060v1,0,3
GCA_001298485.1_ASM129848v1,0,3
GCA_002983785.1_ASM298378v1,0,4
GCA_900683475.1_42042_G02,0,3
GCA_006741355.1_ASM674135v1,0,4
GCA_015767695.1_ASM1576769v1,0,3
GCA_900638765.1_E2079_hybrid_assembly,0,4
GCA_900635365.1_E1334_hybrid_assembly,0,5
GCA_002850515.1_ASM285051v1,0,3
GCA_006351845.1_ASM635184v1,0,19
GCA_900634805.1_E0139_hybrid_assembly,0,13
GCA_900637035.1_46582_D01,0,3
GCA_900638815.1_E0595_hybrid_assembly,0,12
GCA_900639705.1_E9101_hybrid_assembly,0,4
GCA_900638775.1_E4227_hybrid_assembly,0,11
GCA_900640265.1_E4239_hybrid_assembly,0,11
GCA_000444405.1_ASM44440v1,0,17
GCA_000250945.1_ASM25094v1,0,15
GCA_900094185.1_Ef_DMG1500501,0,15
GCA_015356095.1_ASM1535609v1,0,18
GCA_001594345.1_ASM159434v1,0,15
GCA_005517315.1_ASM551731v1,0,20
GCA_002761555.1_ASM276155v1,0,14
GCA_003711605.1_ASM371160v1,0,3
GCA_900638795.1_E4413_hybrid_assembly,0,8
GCA_000148025.1_ASM14802v1,0,0
GCA_000147235.1_ASM14723v1,0,0
GCA_000148145.1_ASM14814v1,0,0
GCA_000147315.1_ASM14731v1,0,0
GCA_000148285.1_ASM14828v1,0,0
GCA_000148325.1_ASM14832v1,0,0
GCA_900447735.1_43941_G01,0,3
GCA_001544255.1_ASM154425v1,0,0
GCA_015356315.1_ASM1535631v1,0,11
GCA_015356265.1_ASM1535626v1,0,11
GCA_015356325.1_ASM1535632v1,0,11
GCA_009184265.1_ASM918426v1,0,19
GCA_012952285.1_ASM1295228v1,0,19
GCA_009184325.1_ASM918432v1,0,15
GCA_002263115.1_ASM226311v1,0,9
GCA_009184155.1_ASM918415v1,0,13
GCA_002891275.1_ASM289127v1,0,23
GCA_003268245.1_ASM326824v1,0,17
GCA_009184235.1_ASM918423v1,0,17
GCA_002206235.2_ASM220623v2,0,17
GCA_009183965.1_ASM918396v1,0,20
GCA_016484345.1_ASM1648434v1,0,17
GCA_009183885.1_ASM918388v1,0,19
GCA_016484285.1_ASM1648428v1,0,18
GCA_001471295.2_ASM147129v2,0,20
GCA_016405125.1_ASM1640512v1,0,18
GCA_016405075.1_ASM1640507v1,0,15
GCA_009183955.1_ASM918395v1,0,19
GCA_009184035.1_ASM918403v1,0,17
GCA_016484185.1_ASM1648418v1,0,17
GCA_009183945.1_ASM918394v1,0,17
GCA_016405085.1_ASM1640508v1,0,17
GCA_009183895.1_ASM918389v1,0,12
GCA_009184255.1_ASM918425v1,0,16
GCA_009184165.1_ASM918416v1,0,19
GCA_016405065.1_ASM1640506v1,0,16
GCA_016405035.1_ASM1640503v1,0,17
GCA_015356225.1_ASM1535622v1,0,31
GCA_009184075.1_ASM918407v1,0,18
GCA_016484425.1_ASM1648442v1,0,20
GCA_016484505.1_ASM1648450v1,0,20
GCA_003268205.1_ASM326820v1,0,18
GCA_902386195.1_UHGG_MGYG-HGUT-02353,0,18
GCA_009183865.1_ASM918386v1,0,15
GCA_002554355.1_ASM255435v1,0,3
GCA_009184205.1_ASM918420v1,0,17
GCA_016404975.1_ASM1640497v1,0,19
GCA_009184015.1_ASM918401v1,0,15
GCA_009184225.1_ASM918422v1,0,15
GCA_900683525.1_42206_G01,0,3
GCA_008974665.2_ASM897466v2,0,22
GCA_009184285.1_ASM918428v1,0,15
GCA_009184345.1_ASM918434v1,0,15
GCA_009184105.1_ASM918410v1,0,15
GCA_900448035.1_42912_B02,0,14
GCA_009184115.1_ASM918411v1,0,18
GCA_016405025.1_ASM1640502v1,0,16
GCA_009184005.1_ASM918400v1,0,14
GCA_016484315.1_ASM1648431v1,0,17
GCA_002263195.1_ASM226319v1,0,21
GCA_016484305.1_ASM1648430v1,0,18
GCA_009184145.1_ASM918414v1,0,15
GCA_900448025.1_43116_C01,0,12
GCA_003268235.1_ASM326823v1,0,25
GCA_002891175.1_ASM289117v1,0,9
GCA_002263205.1_ASM226320v1,1,6
GCA_009184055.1_ASM918405v1,0,20
GCA_003268195.1_ASM326819v1,0,20
GCA_002263125.1_ASM226312v1,1,6
GCA_002263175.1_ASM226317v1,0,6
GCA_002006005.1_ASM200600v1,0,4
GCA_900683575.1_42731_B02,0,5
GCA_002005995.1_ASM200599v1,0,6
GCA_900447945.1_41559_F01,0,3
GCA_002557625.1_ASM255762v1,0,7
GCA_900683465.1_35891_B01,0,3
GCA_001544055.1_ASM154405v1,0,24
GCA_900683555.1_42731_A02,0,4
GCA_901482465.1_44087_D01,0,3
GCA_001582105.1_ASM158210v1,0,0
GCA_003583905.1_ASM358390v1,1,0
GCA_002973675.1_ASM297367v1,0,19
GCA_900639475.1_E7207_hybrid_assembly,0,18
GCA_900447785.1_59123_E01,0,3
GCA_002119065.1_ASM211906v1,0,14
GCA_002973715.1_ASM297371v1,0,16
GCA_003320415.1_ASM332041v1,0,5
GCA_013620665.1_ASM1362066v1,0,3
GCA_000407345.1_Ente_faec_Efm_NY2-3_V2,0,0
GCA_001953715.1_ASM195371v1,0,18
GCA_002973795.1_ASM297379v1,0,18
GCA_003320595.1_ASM332059v1,0,7
GCA_003320815.1_ASM332081v1,0,3
GCA_000160315.2_EFCM_C68_V3,0,0
GCA_003320585.1_ASM332058v1,0,3
GCA_003320575.1_ASM332057v1,0,5
GCA_002909305.1_ASM290930v1,0,5
GCA_000407385.1_Ente_faec_ATCC8459_V2,0,0
GCA_003320775.1_ASM332077v1,0,13
GCA_000407625.1_Ente_faec_Efm_NY2-1_V2,0,0
GCA_003320485.1_ASM332048v1,0,6
GCA_000321945.1_Ente_faec_E1622_V1,0,0
GCA_003320215.1_ASM332021v1,0,4
GCA_000321705.1_Ente_faec_E1258_V1,0,0
GCA_002119055.1_ASM211905v1,0,15
GCA_003320165.1_ASM332016v1,0,3
GCA_000322305.1_Ente_faec_E3548_V1,0,0
GCA_002140315.1_ASM214031v1,0,4
GCA_003320665.1_ASM332066v1,0,13
GCA_000321865.1_Ente_faec_E1590_V1,0,0
GCA_902385775.1_UHGG_MGYG-HGUT-02320,0,8
GCA_003320455.1_ASM332045v1,0,5
GCA_000393435.1_Ente_faec_VAN_327_V1,0,0
GCA_000322265.1_Ente_faec_E3083_V1,1,0
GCA_003320195.1_ASM332019v1,0,5
GCA_000321985.1_Ente_faec_E1626_V1,0,0
GCA_000396805.1_Ente_faec_HM1073_V1,0,0
GCA_003320505.1_ASM332050v1,0,8
GCA_002141355.1_ASM214135v1,0,3
GCA_003320795.1_ASM332079v1,0,5
GCA_002077915.1_ASM207791v1,0,4
GCA_003320755.1_ASM332075v1,0,13
GCA_000321645.1_Ente_faec_E1050_V1,0,0
GCA_902161725.1_25426_7_306,0,3
GCA_003796625.1_ASM379662v1,0,5
GCA_004368135.1_ASM436813v1,0,16
GCA_003319975.1_ASM331997v1,0,3
GCA_902163095.1_25964_2_84,0,3
GCA_902161635.1_25426_7_296,0,3
GCA_902164045.1_25964_2_196,0,3
GCA_902161175.1_25426_7_245,0,3
GCA_902161035.1_25426_7_246,0,3
GCA_902161615.1_25426_7_295,0,3
GCA_002140295.1_ASM214029v1,0,4
GCA_000395745.1_Ente_faec_VAN_332_V1,0,0
GCA_003320715.1_ASM332071v1,0,5
GCA_902159475.1_25426_7_67,0,5
GCA_902159355.1_25426_7_65,0,5
GCA_003320855.1_ASM332085v1,0,3
GCA_000395725.1_Ente_faec_VAN_222_V1,0,0
GCA_000322085.1_Ente_faec_E1861_V1,0,0
GCA_902163145.1_25964_2_94,0,3
GCA_003320135.1_ASM332013v1,0,8
GCA_000407325.1_Ente_faec_Efm_NY2-2_V2,0,0
GCA_003320405.1_ASM332040v1,0,9
GCA_000395805.1_Ente_faec_VAN_345_V1,0,0
GCA_000321965.1_Ente_faec_E1623_V1,0,0
GCA_003320355.1_ASM332035v1,0,7
GCA_003320235.1_ASM332023v1,0,9
GCA_003320695.1_ASM332069v1,0,3
GCA_000315405.1_Ente_dura_FB129-CNAB4_V1,0,0
GCA_000478305.1_Ente_faec_H17494_V1,0,0
GCA_014853295.1_ASM1485329v1,0,3
GCA_002140375.1_ASM214037v1,0,5
GCA_003320805.1_ASM332080v1,0,6
GCA_003320475.1_ASM332047v1,0,3
GCA_014853505.1_ASM1485350v1,0,4
GCA_003320635.1_ASM332063v1,0,10
GCA_003797285.1_ASM379728v1,0,4
GCA_003320155.1_ASM332015v1,0,8
GCA_002140805.1_ASM214080v1,0,4
GCA_000390485.1_Ente_faec_E2966_V1,0,0
GCA_902161735.1_25426_7_309,0,3
GCA_902165445.1_25964_2_334,0,3
GCA_902161055.1_25426_7_244,0,3
GCA_003320495.1_ASM332049v1,0,3
GCA_009735205.1_ASM973520v1,0,5
GCA_002140435.1_ASM214043v1,0,3
GCA_000392165.1_Ente_faec_H17243_V1,0,0
GCA_000392025.1_Ente_faec_9830091-5_V1,0,0
GCA_002140515.1_ASM214051v1,0,3
GCA_002141135.1_ASM214113v1,0,3
GCA_000391965.1_Ente_faec_9730357-1_V1,0,0
GCA_000951815.1_ASM95181v1,0,12
GCA_902165995.1_26009_2_18,0,3
GCA_002174355.1_ASM217435v1,0,4
GCA_002141335.1_ASM214133v1,0,4
GCA_000391825.1_Ente_faec_7330446-2_V1,0,0
GCA_000322005.1_Ente_faec_E1627_V1,0,0
GCA_001280775.1_ASM128077v1,0,3
GCA_000321765.1_Ente_faec_E1573_V1,0,0
GCA_000391945.1_Ente_faec_9730219-1_V1,0,0
GCA_000392045.1_Ente_faec_9830512-2_V1,0,0
GCA_000395785.1_Ente_faec_VAN_342_V1,0,0
GCA_000321845.1_Ente_faec_E1578_V1,0,0
GCA_003320055.1_ASM332005v1,0,7
GCA_000392085.1_Ente_faec_9930238-2_V1,0,0
GCA_003320655.1_ASM332065v1,0,6
GCA_000321565.1_Ente_faec_E0679_V1,0,0
GCA_000321545.1_Ente_faec_E0333_V1,0,0
GCA_000934365.1_ASM93436v1,0,16
GCA_002631295.1_ASM263129v1,0,3
GCA_900143335.1_Hp_5-10_05,0,3
GCA_900148595.1_Hp_5-10_05,0,3
GCA_003320365.1_ASM332036v1,0,8
GCA_003320255.1_ASM332025v1,0,9
GCA_000393735.1_Ente_faec_UAA1280_V1,0,0
GCA_008365415.1_ASM836541v1,0,3
GCA_001696305.1_UCN72.1,1,9
GCA_002141175.1_ASM214117v1,0,3
GCA_000395425.1_Ente_faec_S658-3_V1,0,0
GCA_000395865.1_Ente_faec_VRE_13_V1,0,0
GCA_000392145.1_Ente_faec_E8sv3_V1,0,0
GCA_003320315.1_ASM332031v1,0,8
GCA_000322245.1_Ente_faec_E2883_V1,0,0
GCA_003319985.1_ASM331998v1,0,12
GCA_002140735.1_ASM214073v1,0,6
GCA_902160525.1_25426_7_186,0,3
GCA_014852885.1_ASM1485288v1,0,5
GCA_003320245.1_ASM332024v1,0,7
GCA_902162355.1_25426_7_375,0,8
GCA_000391885.1_Ente_faec_7330884-2_V1,0,0
GCA_000392105.1_Ente_faec_9931110-4_V1,0,0
GCA_000395765.1_Ente_faec_VAN_335_V1,0,0
GCA_000394555.1_Ente_faec_EnGen0308_V1,0,0
GCA_000321745.1_Ente_faec_E1552_V1,0,0
GCA_000395605.1_Ente_faec_UAA723_V1,0,0
GCA_000479125.1_Ente_faec_BM4538_V1,0,0
GCA_000396745.1_Ente_faec_HF50203_V1,0,0
GCA_012935525.1_ASM1293552v1,0,9
GCA_000322165.1_Ente_faec_E2071_V1,0,0
GCA_000391865.1_Ente_faec_7330614-1_V1,0,0
GCA_000391925.1_Ente_faec_841V03_V1,0,0
GCA_000392255.1_Ente_faec_KH36syn_V1,0,0
GCA_000321785.1_Ente_faec_E1574_V1,0,0
GCA_000321485.1_Ente_faec_E0120_V1,0,0
GCA_000395705.1_Ente_faec_VAN_219_V1,0,0
GCA_003796865.1_ASM379686v1,1,4
GCA_015668995.1_ASM1566899v1,1,3
GCA_015560445.1_ASM1556044v1,1,4
GCA_000390465.1_Ente_faec_E1293_V1,0,0
GCA_009659825.1_ASM965982v1,0,5
GCA_902159925.1_25426_7_123,0,3
GCA_000392065.1_Ente_faec_9830565-4_V1,0,0
GCA_015208265.1_ASM1520826v1,0,4
GCA_000321625.1_Ente_faec_E1007_V1,0,0
GCA_004300245.1_ASM430024v1,0,3
GCA_902159555.1_25426_7_88,0,3
GCA_000321885.1_Ente_faec_E1604_V1,0,0
GCA_003320395.1_ASM332039v1,0,3
GCA_000394435.1_Ente_faec_UAA407pIP819_pIP820_V1,0,0
GCA_000395645.1_Ente_faec_UAA725_V1,0,0
GCA_002140535.1_ASM214053v1,0,4
GCA_000393415.1_Ente_faec_VAN_476_V1,0,0
GCA_015208255.1_ASM1520825v1,0,4
GCA_002360225.1_ASM236022v1,0,6
GCA_002360255.1_ASM236025v1,0,12
GCA_000396765.1_Ente_faec_HF50204_V1,0,0
GCA_003796505.1_ASM379650v1,0,3
GCA_003796485.1_ASM379648v1,0,7
GCA_003797505.1_ASM379750v1,0,7
GCA_003320115.1_ASM332011v1,0,9
GCA_000322125.1_Ente_faec_E1972_V1,0,0
GCA_000395445.1_Ente_faec_UAA714_V1,0,0
GCA_003795795.1_ASM379579v1,1,3
GCA_009707525.1_ASM970752v1,0,8
GCA_003795905.1_ASM379590v1,0,4
GCA_003796775.1_ASM379677v1,0,4
GCA_000394495.1_Ente_faec_UAA431_V1,0,0
GCA_003796445.1_ASM379644v1,0,7
GCA_003796905.1_ASM379690v1,0,7
GCA_003795885.1_ASM379588v1,0,7
GCA_003796725.1_ASM379672v1,0,7
GCA_003320735.1_ASM332073v1,0,7
GCA_902160955.1_25426_7_225,0,3
GCA_000391805.1_Ente_faec_7330381-1_V1,0,0
GCA_002174445.1_ASM217444v1,0,3
GCA_002141125.1_ASM214112v1,1,3
GCA_016462085.1_ASM1646208v1,0,3
GCA_000321605.1_Ente_faec_E0688_V1,0,0
GCA_000391845.1_Ente_faec_7330519-3_V1,0,0
GCA_000391785.1_Ente_faec_7230532-1_V1,0,0
GCA_009832485.1_ASM983248v1,0,4
GCA_000391905.1_Ente_faec_7430166-3_V1,0,0
GCA_000322405.1_Ente_faec_E2560_V1,0,0
GCA_000395665.1_Ente_faec_UAA825_V1,0,0
GCA_015554935.1_ASM1555493v1,0,3
GCA_001455445.1_ASM145544v1,0,5
GCA_902159325.1_25426_7_58,0,3
GCA_902161395.1_25426_7_272,0,3
GCA_000393755.1_Ente_faec_UAA1433_V1,0,0
GCA_000322045.1_Ente_faec_E1634_V1,0,0
GCA_014853675.1_ASM1485367v1,0,6
GCA_000397005.1_Ente_faec_UAA1019_V1,0,0
GCA_000393855.1_Ente_faec_ATCC8459_V1,0,0
GCA_000479145.1_Ente_faec_NEF1_V1,0,0
GCA_003320065.1_ASM332006v1,0,4
GCA_014854265.1_ASM1485426v1,0,3
GCA_012935455.1_ASM1293545v1,0,13
GCA_000396725.1_Ente_faec_HF50106_V1,0,0
GCA_002140895.1_ASM214089v1,0,4
GCA_000321685.1_Ente_faec_E1185_V1,0,0
GCA_000321725.1_Ente_faec_E1392_V1,0,0
GCA_902161005.1_25426_7_236,0,3
GCA_000394475.1_Ente_faec_UAA430_V1,0,0
GCA_000396685.1_Ente_faec_HF50104_V1,0,0
GCA_000392195.1_Ente_faec_H17575_V1,0,0
GCA_000394415.1_Ente_faec_UAA210_V1,0,0
GCA_000392125.1_Ente_faec_A17_Sv1_V1,0,0
GCA_000395625.1_Ente_faec_UAA724_V1,0,0
GCA_000396785.1_Ente_faec_HF50215_V1,0,0
GCA_902159365.1_25426_7_66,0,5
GCA_014854075.1_ASM1485407v1,0,3
GCA_000395885.1_Ente_faec_VRE_84_V1,0,0
GCA_003320555.1_ASM332055v1,0,3
GCA_902164105.1_25964_2_193,0,3
GCA_000397025.1_Ente_faec_UAA1022_V1,0,0
GCA_000395545.1_Ente_faec_UAA720_V1,0,0
GCA_002141255.1_ASM214125v1,0,3
GCA_000395505.1_Ente_faec_UAA718_V1,0,0
GCA_000395925.1_Ente_faec_UAA910_V1,0,0
GCA_000395485.1_Ente_faec_UAA716_V1,0,0
GCA_002140455.1_ASM214045v1,0,4
GCA_000395465.1_Ente_faec_UAA715_V1,0,0
GCA_000395905.1_Ente_faec_UAA909_V1,0,0
GCA_014852865.1_ASM1485286v1,0,5
GCA_000396705.1_Ente_faec_HF50105_V1,0,0
GCA_009832445.1_ASM983244v1,0,3
GCA_006541175.1_ASM654117v1,0,9
GCA_009707535.1_ASM970753v1,0,8
GCA_014852815.1_ASM1485281v1,0,10
GCA_000395685.1_Ente_faec_UAA944_V1,0,0
GCA_013867835.1_ASM1386783v1,0,3
GCA_000322225.1_Ente_faec_E2620_V1,0,0
GCA_902159305.1_25426_7_59,0,3
GCA_003320275.1_ASM332027v1,0,7
GCA_000321825.1_Ente_faec_E1576_V1,0,0
GCA_014853415.1_ASM1485341v1,0,5
GCA_003320075.1_ASM332007v1,0,8
GCA_000322065.1_Ente_faec_E1731_V1,0,0
GCA_000394595.1_Ente_faec_UAA950_V1,0,0
GCA_000396845.1_Ente_faec_UAA945_V1,0,0
GCA_000321905.1_Ente_faec_E1613_V1,0,0
GCA_000322145.1_Ente_faec_E2039_V1,0,0
GCA_015549905.1_ASM1554990v1,0,3
GCA_000395525.1_Ente_faec_UAA719_V1,0,0
GCA_000322365.1_Ente_faec_E1644_V1,0,0
GCA_003795915.1_ASM379591v1,0,4
GCA_002140555.1_ASM214055v1,0,3
GCA_000395825.1_Ente_faec_VRE_108_V1,0,0
GCA_902165865.1_26009_2_13,0,3
GCA_015230285.1_ASM1523028v1,0,7
GCA_000395565.1_Ente_faec_UAA721_V1,0,0
GCA_003795805.1_ASM379580v1,0,12
GCA_000396945.1_Ente_faec_UAA952_V1,0,0
GCA_008079275.1_ASM807927v1,0,3
GCA_012063445.1_ASM1206344v1,0,3
GCA_902159225.1_25426_7_50,0,3
GCA_014853065.1_ASM1485306v1,0,5
GCA_902160645.1_25426_7_201,0,3
GCA_902160635.1_25426_7_200,0,3
GCA_902159505.1_25426_7_78,0,3
GCA_000321585.1_Ente_faec_E0680_V1,0,0
GCA_003796745.1_ASM379674v1,1,3
GCA_016642395.1_ASM1664239v1,0,3
GCA_000322425.1_Ente_faec_E4389_V1,0,0
GCA_013283735.1_ASM1328373v1,0,5
GCA_009707505.1_ASM970750v1,0,13
GCA_013280535.1_ASM1328053v1,0,3
GCA_015071015.1_ASM1507101v1,0,4
GCA_003796465.1_ASM379646v1,1,3
GCA_003797365.1_ASM379736v1,1,3
GCA_006541625.1_ASM654162v1,0,3
GCA_003320325.1_ASM332032v1,0,4
GCA_002141005.1_ASM214100v1,0,5
GCA_000787055.1_ASM78705v1,0,3
GCA_004300545.1_ASM430054v1,0,4
GCA_000396965.1_Ente_faec_UAA1007_V1,0,0
GCA_002360185.1_ASM236018v1,0,8
GCA_004328255.1_ASM432825v1,0,5
GCA_000395945.1_Ente_faec_UAA911_V1,0,0
GCA_004328245.1_ASM432824v1,0,5
GCA_902159245.1_25426_7_44,0,3
GCA_009735345.1_ASM973534v1,0,3
GCA_000391745.1_Ente_faec_109_A1_V1,0,0
GCA_000322345.1_Ente_faec_E1321_V1,0,0
GCA_000396925.1_Ente_faec_UAA951_V1,0,0
GCA_016642505.1_ASM1664250v1,0,3
GCA_003796885.1_ASM379688v1,0,7
GCA_003797325.1_ASM379732v1,0,7
GCA_000394535.1_Ente_faec_EnGen0305_V1,0,0
GCA_902165375.1_25964_2_310,0,3
GCA_000322465.1_Ente_faec_E6045_V1,0,0
GCA_002140255.1_ASM214025v1,0,5
GCA_000392315.1_Ente_faec_HM1074_V1,0,0
GCA_001455435.1_ASM145543v1,0,3
GCA_016642385.1_ASM1664238v1,0,4
GCA_902165525.1_25964_2_333,0,2
GCA_902158975.1_25426_7_34,0,2
GCA_000396885.1_Ente_faec_UAA947_V1,0,0
GCA_000393675.1_Ente_faec_UAA1024_V1,0,0
GCA_005116555.1_ASM511655v1,0,3
GCA_015230135.1_ASM1523013v1,0,4
GCA_014852855.1_ASM1485285v1,0,5
GCA_014854925.1_ASM1485492v1,0,5
GCA_900166945.1_ASM90016694v1,1,3
GCA_902159345.1_25426_7_70,1,3
GCA_009896605.1_ASM989660v1,0,3
GCA_009896635.1_ASM989663v1,0,3
GCA_009896695.1_ASM989669v1,0,3
GCA_009896765.1_ASM989676v1,0,3
GCA_009897405.1_ASM989740v1,0,3
GCA_009897565.1_ASM989756v1,0,3
GCA_009897725.1_ASM989772v1,0,3
GCA_902165765.1_25964_2_353,0,3
GCA_009896685.1_ASM989668v1,0,3
GCA_000322385.1_Ente_faec_E2369_V1,0,0
GCA_016643045.1_ASM1664304v1,0,3
GCA_003796185.1_ASM379618v1,0,5
GCA_003796845.1_ASM379684v1,0,6
GCA_003795975.1_ASM379597v1,1,5
GCA_010671845.1_ASM1067184v1,0,3
GCA_902159035.1_25426_7_35,0,3
GCA_000321665.1_Ente_faec_E1133_V1,1,0
GCA_015208045.1_ASM1520804v1,0,4
GCA_001039515.1_ASM103951v1,0,3
GCA_001025325.1_ASM102532v1,1,3
GCA_002140865.1_ASM214086v1,0,3
GCA_006375815.1_ASM637581v1,0,11
GCA_001696275.1_UCN73.1,1,8
GCA_902163255.1_25964_2_108,0,3
GCA_009896725.1_ASM989672v1,0,3
GCA_009897695.1_ASM989769v1,0,3
GCA_902165955.1_26009_2_14,0,3
GCA_005234835.1_ASM523483v1,0,15
GCA_016642785.1_ASM1664278v1,0,3
GCA_003796765.1_ASM379676v1,0,6
GCA_000395585.1_Ente_faec_UAA722_V1,0,0
GCA_004101305.1_ASM410130v1,0,3
GCA_016642705.1_ASM1664270v1,0,5
GCA_002944675.1_ASM294467v1,1,5
GCA_000394575.1_Ente_faec_UAA949_V1,0,0
GCA_902159235.1_25426_7_49,0,3
GCA_002140475.1_ASM214047v1,0,4
GCA_002140385.1_ASM214038v1,1,3
GCA_006541535.1_ASM654153v1,0,8
GCA_013249095.1_ASM1324909v1,0,3
GCA_014852665.1_ASM1485266v1,0,4
GCA_014853485.1_ASM1485348v1,0,13
GCA_000407065.1_Ente_faec_Efm_NY2-1_V1,0,0
GCA_009891505.1_ASM989150v1,0,3
GCA_004099785.1_ASM409978v1,0,5
GCA_000178235.1_ASM17823v1,1,0
GCA_000157655.1_ASM15765v1,0,0
GCA_013280545.1_ASM1328054v1,0,3
GCA_000393695.1_Ente_faec_UAA1025_V1,0,0
GCA_000392215.1_Ente_faec_HM1071_V1,0,0
GCA_006375995.1_ASM637599v1,0,17
GCA_900143455.1_Hp_22-12_05,0,3
GCA_900148705.1_Hp_22-12_05,0,3
GCA_015230195.1_ASM1523019v1,0,7
GCA_902165855.1_26009_2_9,0,3
GCA_902161985.1_25426_7_341,0,3
GCA_015670415.1_ASM1567041v1,0,3
GCA_001025375.1_ASM102537v1,0,3
GCA_015549475.1_ASM1554947v1,0,3
GCA_009891525.1_ASM989152v1,0,4
GCA_015549165.1_ASM1554916v1,0,3
GCA_000322205.1_Ente_faec_E2297_V1,0,0
GCA_002803675.1_J19,0,5
GCA_902164005.1_25964_2_177,0,3
GCA_002140215.1_ASM214021v1,0,3
GCA_014852975.1_ASM1485297v1,0,3
GCA_000397045.1_Ente_faec_UAA1023_V1,0,0
GCA_002631245.1_ASM263124v1,0,9
GCA_015230205.1_ASM1523020v1,0,4
GCA_000407085.1_Ente_faec_Efm_NY2-2_V1,0,0
GCA_900143345.1_Hp_24-3_05,0,8
GCA_900148565.1_Hp_24-3_05,0,8
GCA_009734645.1_ASM973464v1,0,7
GCA_902162005.1_25426_7_339,0,3
GCA_902161965.1_25426_7_338,0,3
GCA_009896715.1_ASM989671v1,0,3
GCA_000411015.1_Version_1_for_Enterococcus_faecium_Strain_LCT-EF297_genome,0,0
GCA_008079215.1_ASM807921v1,0,3
GCA_000499945.1_1st_assembly,0,0
GCA_000322285.1_Ente_faec_E3346_V1,0,0
GCA_002591965.2_Verison2,1,3
GCA_011174695.1_ASM1117469v1,0,4
GCA_000407105.1_Ente_faec_Efm_NY2-3_V1,0,0
GCA_000767365.1_ASM76736v1,0,3
GCA_015230235.1_ASM1523023v1,0,13
GCA_014852755.1_ASM1485275v1,0,5
GCA_002141115.1_ASM214111v1,0,2
GCA_000322025.1_Ente_faec_E1630_V1,0,0
GCA_000479165.1_Ente_faec_10_96A_V1,0,0
GCA_000391985.1_Ente_faec_9731349-1_V1,0,0
GCA_000172655.1_ASM17265v1,0,0
GCA_012935425.1_ASM1293542v1,0,3
GCA_002946055.1_ASM294605v1,1,5
GCA_015669035.1_ASM1566903v1,0,3
GCA_015670515.1_ASM1567051v1,0,3
GCA_902160705.1_25426_7_202,0,3
GCA_016642305.1_ASM1664230v1,0,4
GCA_016642465.1_ASM1664246v1,0,3
GCA_006541485.1_ASM654148v1,0,3
GCA_008725785.1_ASM872578v1,0,11
GCA_015552915.1_ASM1555291v1,0,3
GCA_002006745.1_ASM200674v1,0,3
GCA_000394755.1_Ente_faec_Efm_NY3-1_V1,0,0
GCA_002631325.1_ASM263132v1,0,4
GCA_000321525.1_Ente_faec_E0269_V1,0,0
GCA_000396825.1_Ente_faec_HM1072_V1,0,0
GCA_015230275.1_ASM1523027v1,0,7
GCA_014853835.1_ASM1485383v1,0,6
GCA_000392005.1_Ente_faec_9731352-4_V1,0,0
GCA_002946315.1_ASM294631v1,1,4
GCA_902160305.1_25426_7_164,0,5
GCA_008725685.1_ASM872568v1,0,11
GCA_008725705.1_ASM872570v1,0,11
GCA_008725745.1_ASM872574v1,0,11
GCA_008725775.1_ASM872577v1,0,11
GCA_002141035.1_ASM214103v1,0,5
GCA_004923245.1_ASM492324v1,0,3
GCA_016642715.1_ASM1664271v1,0,4
GCA_002631225.1_ASM263122v1,0,3
GCA_000393775.1_Ente_faec_UAA1484_V1,0,0
GCA_900143385.1_Hp_7-8_05,0,3
GCA_900148725.1_Hp_7-8_05,0,3
GCA_000258325.1_Enterococcus_faecium_LCT-EF90_version_1.0,0,0
GCA_000394715.1_Ente_faec_Efm_NY1-5_V1,0,0
GCA_016643075.1_ASM1664307v1,0,3
GCA_902164525.1_25964_2_246,0,3
GCA_000394675.1_Ente_faec_Efm_NY1-3_V1,0,0
GCA_006376115.1_ASM637611v1,0,3
GCA_015669235.1_ASM1566923v1,0,3
GCA_002140415.1_ASM214041v1,0,3
GCA_015230165.1_ASM1523016v1,0,8
GCA_002944735.1_ASM294473v1,1,9
GCA_001990565.1_ASM199056v1,0,6
GCA_015547065.1_ASM1554706v1,0,3
GCA_003172835.1_ASM317283v1,0,4
GCA_014853305.1_ASM1485330v1,0,3
GCA_008079205.1_ASM807920v1,0,3
GCA_015552705.1_ASM1555270v1,0,3
GCA_016642245.1_ASM1664224v1,0,3
GCA_006376095.1_ASM637609v1,0,13
GCA_001025385.1_ASM102538v1,0,2
GCA_014855125.1_ASM1485512v1,0,3
GCA_001025405.1_ASM102540v1,0,3
GCA_014050505.1_ASM1405050v1,1,4
GCA_002944975.1_ASM294497v1,0,11
GCA_016642315.1_ASM1664231v1,0,3
GCA_000157635.1_ASM15763v1,1,0
GCA_015550935.1_ASM1555093v1,0,3
GCA_000322445.1_Ente_faec_E6012_V1,0,0
GCA_016642255.1_ASM1664225v1,0,3
GCA_001025255.1_ASM102525v1,1,3
GCA_006376275.1_ASM637627v1,0,4
GCA_002631335.1_ASM263133v1,0,7
GCA_002945145.1_ASM294514v1,0,6
GCA_002944615.1_ASM294461v1,1,5
GCA_009735525.1_ASM973552v1,0,4
GCA_001622975.1_ASM162297v1,0,14
GCA_004099895.1_ASM409989v1,0,5
GCA_000394655.1_Ente_faec_Efm_NY1-2_V1,0,0
GCA_002947365.1_ASM294736v1,0,5
GCA_014855055.1_ASM1485505v1,0,5
GCA_014325945.1_ASM1432594v1,1,14
GCA_000394695.1_Ente_faec_Efm_NY1-4_V1,0,0
GCA_006376105.1_ASM637610v1,0,4
GCA_006375785.1_ASM637578v1,0,9
GCA_006376295.1_ASM637629v1,0,9
GCA_000395965.1_Ente_faec_F9730129-1_V1,0,0
GCA_003713175.1_ASM371317v1,0,11
GCA_014325665.1_ASM1432566v1,1,14
GCA_002945495.1_ASM294549v1,0,4
GCA_000321505.1_Ente_faec_E0164_V1,0,0
GCA_006375685.1_ASM637568v1,0,3
GCA_002140955.1_ASM214095v1,0,4
GCA_009734655.1_ASM973465v1,0,5
GCA_002944915.1_ASM294491v1,1,4
GCA_006541685.1_ASM654168v1,0,3
GCA_016642525.1_ASM1664252v1,0,4
GCA_003862415.1_ASM386241v1,0,3
GCA_000804415.1_70-8-2,0,12
GCA_009659845.1_ASM965984v1,0,8
GCA_000787065.1_ASM78706v1,0,3
GCA_000499965.1_1st_assembly,0,0
GCA_001652715.1_ASM165271v1,0,3
GCA_002945575.1_ASM294557v1,0,4
GCA_002946855.1_ASM294685v1,0,3
GCA_016642595.1_ASM1664259v1,0,4
GCA_000499905.1_1st_assembly,0,0
GCA_001858405.1_ASM185840v1,0,6
GCA_000322185.1_Ente_faec_E2134_V1,0,0
GCA_006375675.1_ASM637567v1,1,3
GCA_015208175.1_ASM1520817v1,0,4
GCA_008725735.1_ASM872573v1,0,11
GCA_000313155.1_ASM31315v1,0,0
GCA_001025265.1_ASM102526v1,1,3
GCA_001025245.1_ASM102524v1,1,3
GCA_003797435.1_ASM379743v1,0,4
GCA_000394735.1_Ente_faec_Efm_NY1-6_V1,0,0
GCA_016642485.1_ASM1664248v1,0,3
GCA_002944125.1_ASM294412v1,1,9
GCA_000295335.2_ASM29533v2,0,0
GCA_008079185.1_ASM807918v1,0,3
GCA_003933355.1_ASM393335v1,0,5
GCA_002946115.1_ASM294611v1,0,6
GCA_004328385.1_ASM432838v1,0,5
GCA_006376075.1_ASM637607v1,0,3
GCA_015554345.1_ASM1555434v1,0,3
GCA_002945455.1_ASM294545v1,0,3
GCA_000313195.1_ASM31319v1,0,0
GCA_902165155.1_25964_2_300,0,3
GCA_002442445.1_ASM244244v1,0,11
GCA_001858385.1_ASM185838v1,0,14
GCA_001696285.1_BM4107.1,1,3
GCA_000157575.1_ASM15757v1,1,0
GCA_002944955.1_ASM294495v1,1,9
GCA_003408985.1_ASM340898v1,0,17
GCA_016643025.1_ASM1664302v1,0,3
GCA_016642335.1_ASM1664233v1,0,4
GCA_016642425.1_ASM1664242v1,0,3
GCA_002174435.1_ASM217443v1,0,4
GCA_002077585.1_ASM207758v1,0,14
GCA_004332275.1_ASM433227v1,0,5
GCA_000321465.1_Ente_faec_E0045_V1,0,0
GCA_000322325.1_Ente_faec_E4215_V1,0,0
GCA_000395845.1_Ente_faec_VRE_110_V1,0,0
GCA_001025315.1_ASM102531v1,1,4
GCA_000767345.1_ASM76734v1,0,5
GCA_003409035.1_ASM340903v1,0,10
GCA_006381655.1_ASM638165v1,0,7
GCA_002945395.1_ASM294539v1,0,3
GCA_004152365.1_ASM415236v1,0,10
GCA_002631725.1_ASM263172v1,0,4
GCA_001277795.1_ASM127779v1,0,3
GCA_002141075.1_ASM214107v1,0,5
GCA_900179445.1_19789_6_170,0,16
GCA_016642695.1_ASM1664269v1,0,4
GCA_005235075.1_ASM523507v1,0,18
GCA_900180245.1_19952_4_120,0,16
GCA_003933425.1_ASM393342v1,0,5
GCA_007625025.1_ASM762502v1,0,4
GCA_003346195.1_ASM334619v1,0,3
GCA_006376145.1_ASM637614v1,0,3
GCA_900178645.1_19789_6_153,0,16
GCA_900179385.1_19789_6_168,0,16
GCA_003933435.1_ASM393343v1,0,4
GCA_900180205.1_19952_1_30,0,16
GCA_900179175.1_19789_6_173,0,9
GCA_002947335.1_ASM294733v1,0,6
GCA_016642985.1_ASM1664298v1,0,4
GCA_002945095.1_ASM294509v1,0,6
GCA_000321805.1_Ente_faec_E1575_V1,0,0
GCA_016642165.1_ASM1664216v1,0,4
GCA_016642565.1_ASM1664256v1,0,3
GCA_016642905.1_ASM1664290v1,0,3
GCA_001990575.1_ASM199057v1,0,7
GCA_002949135.1_ASM294913v1,0,5
GCA_000411035.1_Version_1_for_Enterococcus_faecium_Strain_LCT-EF301_genome,0,0
GCA_015230335.1_ASM1523033v1,0,11
GCA_001547045.1_ASM154704v1,0,19
GCA_001025435.1_ASM102543v1,1,3
GCA_006376215.1_ASM637621v1,0,11
GCA_001025335.1_ASM102533v1,1,3
GCA_900180035.1_19789_6_97,0,18
GCA_900178635.1_19789_6_152,0,16
GCA_014325645.1_ASM1432564v1,0,15
GCA_002948795.1_ASM294879v1,0,8
GCA_000415305.1_ASM41530v1,0,0
GCA_900143355.1_Hp_21-21_05,0,3
GCA_900148665.1_Hp_21-21_05,0,3
GCA_000394635.1_Ente_faec_Efm_NY1-1_V1,0,0
GCA_004328225.1_ASM432822v1,0,5
GCA_900179975.1_19789_6_98,0,18
GCA_016642605.1_ASM1664260v1,0,3
GCA_016642805.1_ASM1664280v1,0,3
GCA_005234315.1_ASM523431v1,0,18
GCA_005234325.1_ASM523432v1,0,18
GCA_005234345.1_ASM523434v1,0,18
GCA_005234495.1_ASM523449v1,0,19
GCA_005235115.1_ASM523511v1,0,18
GCA_005235495.1_ASM523549v1,0,19
GCA_005235635.1_ASM523563v1,0,19
GCA_005235645.1_ASM523564v1,0,19
GCA_005235655.1_ASM523565v1,0,19
GCA_005235665.1_ASM523566v1,0,19
GCA_005235685.1_ASM523568v1,0,19
GCA_005287905.1_ASM528790v1,0,19
GCA_002948895.1_ASM294889v1,0,4
GCA_004126665.1_ASM412666v1,0,5
GCA_000321925.1_Ente_faec_E1620_V1,0,0
GCA_004125555.1_ASM412555v1,0,5
GCA_004125495.1_ASM412549v1,0,5
GCA_004125755.1_ASM412575v1,0,5
GCA_002946765.1_ASM294676v1,0,4
GCA_014325525.1_ASM1432552v1,0,11
GCA_003937555.1_ASM393755v1,0,18
GCA_002946985.1_ASM294698v1,0,4
GCA_900179785.1_19789_6_99,0,16
GCA_004151695.1_ASM415169v1,0,9
GCA_002944705.1_ASM294470v1,0,6
GCA_014889535.1_ASM1488953v1,0,3
GCA_014325835.1_ASM1432583v1,0,15
GCA_002945815.1_ASM294581v1,0,5
GCA_001547445.1_ASM154744v1,0,19
GCA_016642665.1_ASM1664266v1,0,4
GCA_016642925.1_ASM1664292v1,0,4
GCA_002947735.1_ASM294773v1,0,10
GCA_003796425.1_ASM379642v1,0,5
GCA_002947775.1_ASM294777v1,0,8
GCA_001547185.1_ASM154718v1,0,18
GCA_002944305.1_ASM294430v1,0,3
GCA_005234965.1_ASM523496v1,0,16
GCA_005234975.1_ASM523497v1,0,16
GCA_005235345.1_ASM523534v1,0,16
GCA_005235475.1_ASM523547v1,0,16
GCA_005281885.1_ASM528188v1,0,12
GCA_003797005.1_ASM379700v1,0,3
GCA_005234565.1_ASM523456v1,0,13
GCA_001969615.1_ASM196961v1,0,15
GCA_004152325.1_ASM415232v1,0,19
GCA_900178825.1_19789_6_112,0,8
GCA_900447875.1_59235_F01,0,18
GCA_005235745.1_ASM523574v1,0,17
GCA_002948175.1_ASM294817v1,0,6
GCA_005234435.1_ASM523443v1,0,16
GCA_005234955.1_ASM523495v1,0,16
GCA_005234985.1_ASM523498v1,0,16
GCA_005235375.1_ASM523537v1,0,16
GCA_005235385.1_ASM523538v1,0,16
GCA_005235465.1_ASM523546v1,0,16
GCA_000172615.1_ASM17261v1,0,0
GCA_000499925.1_1st_assembly,0,0
GCA_000772525.1_ASM77252v1,0,5
GCA_002973685.1_ASM297368v1,0,19
GCA_003938025.1_ASM393802v1,0,22
GCA_900178865.1_19789_6_111,0,8
GCA_014326415.1_ASM1432641v1,0,16
GCA_014326265.1_ASM1432626v1,0,16
GCA_900180165.1_19952_1_21,0,17
GCA_900302825.1_V1555,0,16
GCA_900302835.1_V1703,0,15
GCA_900302845.1_V1701,0,15
GCA_900302995.1_V1797,0,16
GCA_014325725.1_ASM1432572v1,0,14
GCA_003938275.1_ASM393827v1,0,18
GCA_004300265.1_ASM430026v1,0,8
GCA_003938365.1_ASM393836v1,0,18
GCA_008079195.1_ASM807919v1,0,3
GCA_900302915.1_V1763,0,15
GCA_900302975.1_V1789,0,16
GCA_900302855.1_V1687,0,15
GCA_015538975.1_ASM1553897v1,0,16
GCA_900302965.1_V1795,0,15
GCA_900303195.1_VD468,0,15
GCA_014325785.1_ASM1432578v1,0,14
GCA_001592725.1_ASM159272v1,0,14
GCA_014325565.1_ASM1432556v1,0,16
GCA_002944515.1_ASM294451v1,0,12
GCA_900303125.1_V1917,0,16
GCA_902161815.1_25426_7_318,0,3
GCA_014325925.1_ASM1432592v1,0,17
GCA_016642765.1_ASM1664276v1,0,3
GCA_900180065.1_19789_7_5,0,16
GCA_012933045.1_ASM1293304v1,0,9
GCA_004328235.1_ASM432823v1,0,5
GCA_900179295.1_19789_6_179,0,16
GCA_005844995.1_ASM584499v1,1,4
GCA_015667175.1_ASM1566717v1,1,4
GCA_005234515.1_ASM523451v1,0,19
GCA_005234295.1_ASM523429v1,0,18
GCA_000981945.1_ASM98194v1,0,0
GCA_001969625.1_ASM196962v1,0,16
GCA_900178915.1_19789_6_129,0,16
GCA_006376225.1_ASM637622v1,0,10
GCA_006375755.1_ASM637575v1,0,11
GCA_002945795.1_ASM294579v1,0,6
GCA_900179925.1_19789_6_96,0,15
GCA_900179205.1_19789_6_181,0,16
GCA_900178855.1_19789_6_126,0,16
GCA_001547395.1_ASM154739v1,0,18
GCA_005235735.1_ASM523573v1,0,14
GCA_000172675.1_ASM17267v1,0,0
GCA_900180465.1_19789_6_166,0,14
GCA_900180325.1_19952_4_147,0,14
GCA_000415345.1_ASM41534v1,0,0
GCA_015538855.1_ASM1553885v1,0,16
GCA_900178785.1_19789_6_124,0,16
GCA_900178815.1_19789_6_122,0,16
GCA_900178745.1_19789_5_34,0,16
GCA_900180175.1_19952_1_24,0,16
GCA_900179915.1_19789_7_11,0,9
GCA_001547255.1_ASM154725v1,0,18
GCA_000804385.1_70-61-7,0,13
GCA_900178555.1_19789_6_130,0,16
GCA_900178985.1_19789_6_133,0,16
GCA_900180005.1_19789_7_10,0,16
GCA_900178725.1_19789_6_134,0,16
GCA_900179475.1_19789_6_174,0,19
GCA_900179095.1_19789_6_164,0,14
GCA_001563205.1_ASM156320v1,0,15
GCA_004151665.1_ASM415166v1,0,15
GCA_015538845.1_ASM1553884v1,0,16
GCA_000322105.1_Ente_faec_E1904_V1,0,0
GCA_014325825.1_ASM1432582v1,0,14
GCA_900179105.1_19789_6_165,0,14
GCA_003796265.1_ASM379626v1,0,5
GCA_003796305.1_ASM379630v1,0,5
GCA_900178795.1_19789_6_116,0,17
GCA_015538865.1_ASM1553886v1,0,16
GCA_900179935.1_19789_7_111,0,14
GCA_015538825.1_ASM1553882v1,0,15
GCA_001455425.1_ASM145542v1,0,3
GCA_900179875.1_19789_7_2,0,16
GCA_900179995.1_19789_7_3,0,16
GCA_900178715.1_19789_6_123,0,16
GCA_900178595.1_19789_6_132,0,16
GCA_900180315.1_19952_4_125,0,16
GCA_900178935.1_19789_6_135,0,16
GCA_900178975.1_19789_6_127,0,16
GCA_900178765.1_19789_5_12,0,16
GCA_900178925.1_19789_6_121,0,16
GCA_900179075.1_19789_6_162,0,14
GCA_004152565.1_ASM415256v1,0,15
GCA_900179005.1_19789_5_58,0,16
GCA_900180185.1_19952_1_29,0,14
GCA_900178875.1_19789_5_84,0,16
GCA_013179755.1_ASM1317975v1,0,10
GCA_900179025.1_19789_6_103,0,14
GCA_900178965.1_19647_8_23,0,17
GCA_009791335.1_ASM979133v1,0,19
GCA_012933275.1_ASM1293327v1,0,15
GCA_006376235.1_ASM637623v1,0,9
GCA_000772505.1_ASM77250v1,0,10
GCA_002948705.1_ASM294870v1,0,4
GCA_006375975.1_ASM637597v1,0,12
GCA_900180295.1_19952_4_7,0,9
GCA_900178755.1_19789_6_131,0,16
GCA_900179055.1_19789_6_157,0,16
GCA_900179085.1_19789_6_158,0,16
GCA_900180305.1_19952_4_9,0,16
GCA_900179275.1_19789_6_183,0,16
GCA_900180265.1_19952_4_150,0,16
GCA_900180085.1_19789_7_7,0,16
GCA_900180105.1_19789_7_9,0,16
GCA_900179765.1_19789_7_107,0,16
GCA_900180055.1_19789_7_4,0,16
GCA_900180255.1_19952_1_32,0,16
GCA_900179425.1_19789_6_184,0,16
GCA_900180215.1_19952_1_31,0,16
GCA_900179035.1_19789_5_60,0,16
GCA_900180225.1_19952_1_33,0,16
GCA_006376015.1_ASM637601v1,0,20
GCA_900178625.1_19789_6_156,0,16
GCA_000632315.1_VRE1044_1.0,0,0
GCA_900178835.1_19789_6_125,0,16
GCA_900178905.1_19789_6_128,0,16
GCA_900302765.1_V1476,0,15
GCA_900179065.1_19789_6_163,0,14
GCA_014326005.1_ASM1432600v1,0,18
GCA_014326035.1_ASM1432603v1,0,18
GCA_014326075.1_ASM1432607v1,0,18
GCA_004151685.1_ASM415168v1,0,17
GCA_012070685.1_ASM1207068v1,0,12
GCA_900178775.1_19789_6_109,0,17
GCA_900303095.1_V1885,0,16
GCA_900303135.1_V1923,0,16
GCA_004126585.1_ASM412658v1,0,4
GCA_014326225.1_ASM1432622v1,0,15
GCA_014326365.1_ASM1432636v1,0,16
GCA_014326465.1_ASM1432646v1,0,16
GCA_014326305.1_ASM1432630v1,0,15
GCA_004102995.1_ASM410299v1,0,12
GCA_900303075.1_V1890,0,16
GCA_014325845.1_ASM1432584v1,0,18
GCA_900302725.1_V1485,0,16
GCA_001547155.1_ASM154715v1,0,27
GCA_010722195.1_ASM1072219v1,0,16
GCA_001990605.1_ASM199060v1,0,6
GCA_014325595.1_ASM1432559v1,0,18
GCA_005234505.1_ASM523450v1,0,19
GCA_005235015.1_ASM523501v1,0,18
GCA_005235275.1_ASM523527v1,0,19
GCA_005235295.1_ASM523529v1,0,18
GCA_005235725.1_ASM523572v1,0,19
GCA_005234395.1_ASM523439v1,0,18
GCA_005235285.1_ASM523528v1,0,18
GCA_005235535.1_ASM523553v1,0,19
GCA_005235565.1_ASM523556v1,0,19
GCA_005235575.1_ASM523557v1,0,19
GCA_005235585.1_ASM523558v1,0,19
GCA_005235045.1_ASM523504v1,0,19
GCA_005234365.1_ASM523436v1,0,16
GCA_005234485.1_ASM523448v1,0,18
GCA_900178655.1_19789_6_120,0,17
GCA_900179215.1_19789_6_167,0,14
GCA_900179335.1_19789_6_56,0,17
GCA_900180115.1_19789_8_32,0,14
GCA_900180195.1_19952_1_28,0,14
GCA_900302775.1_V1487,0,16
GCA_900303015.1_V1861,0,15
GCA_004099795.1_ASM409979v1,0,3
GCA_900303185.1_VD392,0,15
GCA_900302875.1_V1711,0,16
GCA_900302885.1_V1708,0,15
GCA_900302905.1_V1767,0,16
GCA_900302925.1_V1765,0,15
GCA_900302935.1_V1774,0,15
GCA_900302955.1_V1780,0,16
GCA_900303005.1_V1851,0,18
GCA_900303055.1_V1874,0,16
GCA_900303105.1_V1897,0,17
GCA_902160865.1_25426_7_223,0,9
GCA_902158965.1_25426_7_32,0,7
GCA_014326135.1_ASM1432613v1,0,18
GCA_900302715.1_V1392,0,16
GCA_900180135.1_19952_1_19,0,8
GCA_900180155.1_19952_1_22,0,16
GCA_900179835.1_19789_7_26,0,15
GCA_900178885.1_19789_6_113,0,8
GCA_900178605.1_19789_6_114,0,7
GCA_003938005.1_ASM393800v1,0,17
GCA_003938135.1_ASM393813v1,0,18
GCA_003938525.1_ASM393852v1,0,18
GCA_008921845.1_7.0.4,0,8
GCA_014325955.1_ASM1432595v1,0,14
GCA_010722315.1_ASM1072231v1,0,16
GCA_010722695.1_ASM1072269v1,0,15
GCA_014326245.1_ASM1432624v1,0,16
GCA_014325675.1_ASM1432567v1,0,14
GCA_003939805.1_ASM393980v1,0,12
GCA_004152225.1_ASM415222v1,0,16
GCA_012070665.1_ASM1207066v1,0,13
GCA_015538945.1_ASM1553894v1,0,16
GCA_003795735.1_ASM379573v1,0,8
GCA_003796015.1_ASM379601v1,0,8
GCA_003795685.1_ASM379568v1,0,8
GCA_003796685.1_ASM379668v1,0,8
GCA_002948915.1_ASM294891v1,0,7
GCA_900178685.1_19789_6_137,0,21
GCA_000415265.2_ASM41526v2,0,0
GCA_014325735.1_ASM1432573v1,0,14
GCA_014326595.1_ASM1432659v1,0,17
GCA_003936605.1_ASM393660v1,0,21
GCA_003938125.1_ASM393812v1,0,21
GCA_003939205.1_ASM393920v1,0,21
GCA_003940185.1_ASM394018v1,0,17
GCA_012933185.1_ASM1293318v1,0,17
GCA_000174935.1_ASM17493v1,0,0
GCA_003795965.1_ASM379596v1,0,8
GCA_003796225.1_ASM379622v1,0,8
GCA_016642615.1_ASM1664261v1,0,4
GCA_014853005.1_ASM1485300v1,0,3
GCA_001547015.1_ASM154701v1,0,15
GCA_014325885.1_ASM1432588v1,0,13
GCA_014326575.1_ASM1432657v1,0,17
GCA_014326585.1_ASM1432658v1,0,16
GCA_900179725.1_19789_6_93,0,15
GCA_900178845.1_19789_5_83,0,16
GCA_002945175.1_ASM294517v1,0,4
GCA_006375795.1_ASM637579v1,0,9
GCA_006376195.1_ASM637619v1,0,9
GCA_003937935.1_ASM393793v1,0,18
GCA_003938445.1_ASM393844v1,0,17
GCA_004151705.1_ASM415170v1,0,16
GCA_000804405.1_ASM80440v1,0,9
GCA_003797525.1_ASM379752v1,0,4
GCA_004127175.1_ASM412717v1,0,3
GCA_006376285.1_ASM637628v1,0,14
GCA_003938345.1_ASM393834v1,0,18
GCA_005238875.1_ASM523887v1,0,12
GCA_003797425.1_ASM379742v1,0,17
GCA_003797585.1_ASM379758v1,0,17
GCA_003797665.1_ASM379766v1,0,17
GCA_004152375.1_ASM415237v1,0,17
GCA_002442315.1_ASM244231v1,0,15
GCA_005237065.1_ASM523706v1,0,12
GCA_003797405.1_ASM379740v1,0,4
GCA_004126955.1_ASM412695v1,0,3
GCA_006541615.1_ASM654161v1,0,3
GCA_009846615.2_ASM984661v2,0,0
GCA_003940215.1_ASM394021v1,0,18
GCA_014337895.1_ASM1433789v1,0,16
GCA_005451945.1_ASM545194v1,0,11
GCA_002631285.1_ASM263128v1,0,3
GCA_004151675.1_ASM415167v1,0,15
GCA_002948395.1_ASM294839v1,0,6
GCA_014326285.1_ASM1432628v1,0,15
GCA_001053835.1_ASM105383v1,0,3
GCA_014325755.1_ASM1432575v1,0,17
GCA_900179285.1_19789_6_55,0,16
GCA_004152085.1_ASM415208v1,0,7
GCA_900080025.1_Isolate_25,0,16
GCA_014326295.1_ASM1432629v1,0,16
GCA_014326385.1_ASM1432638v1,0,15
GCA_016642495.1_ASM1664249v1,0,4
GCA_015538645.1_ASM1553864v1,0,15
GCA_009770365.1_ASM977036v1,0,15
GCA_009770395.1_ASM977039v1,0,16
GCA_009770515.1_ASM977051v1,0,17
GCA_009770645.1_ASM977064v1,0,15
GCA_005238815.1_ASM523881v1,0,14
GCA_003938285.1_ASM393828v1,0,18
GCA_003938485.1_ASM393848v1,0,18
GCA_009770845.1_ASM977084v1,0,16
GCA_002141195.1_ASM214119v1,0,8
GCA_014332725.1_ASM1433272v1,0,5
GCA_002944795.1_ASM294479v1,0,10
GCA_900178565.1_19789_6_154,0,17
GCA_900179225.1_19789_6_36,0,16
GCA_002945215.1_ASM294521v1,0,4
GCA_003937575.1_ASM393757v1,0,18
GCA_003938065.1_ASM393806v1,0,18
GCA_003939215.1_ASM393921v1,0,18
GCA_003940995.1_ASM394099v1,0,18
GCA_009770865.1_ASM977086v1,0,15
GCA_010722435.1_ASM1072243v1,0,15
GCA_000982025.1_ASM98202v1,0,0
GCA_003936585.1_ASM393658v1,0,17
GCA_003937285.1_ASM393728v1,0,18
GCA_003939165.1_ASM393916v1,0,18
GCA_003965125.1_ASM396512v1,0,18
GCA_003936615.1_ASM393661v1,0,18
GCA_900303175.1_V1933,0,16
GCA_900302805.1_V1641,0,16
GCA_001547505.1_ASM154750v1,0,17
GCA_900080065.1_Isolate_30,0,17
GCA_900080055.1_Isolate_18,0,14
GCA_003796925.1_ASM379692v1,0,15
GCA_003797025.1_ASM379702v1,0,15
GCA_900179805.1_19789_7_1,0,16
GCA_900180075.1_19789_7_6,0,16
GCA_900180095.1_19789_7_8,0,16
GCA_001547265.1_ASM154726v1,0,18
GCA_900180285.1_19952_4_8,0,16
GCA_900179885.1_19789_7_108,0,16
GCA_900179355.1_19789_6_182,0,16
GCA_012933065.1_ASM1293306v1,0,7
GCA_014326025.1_ASM1432602v1,0,18
GCA_014326085.1_ASM1432608v1,0,18
GCA_014326145.1_ASM1432614v1,0,18
GCA_014326525.1_ASM1432652v1,0,18
GCA_002442275.1_ASM244227v1,0,19
GCA_000262105.1_Enterococcus_faecium_LCT-EF128_version_1.0,0,0
GCA_009770455.1_ASM977045v1,0,16
GCA_009770505.1_ASM977050v1,0,15
GCA_009770615.1_ASM977061v1,0,16
GCA_009770705.1_ASM977070v1,0,16
GCA_009770825.1_ASM977082v1,0,15
GCA_009770945.1_ASM977094v1,0,15
GCA_009770415.1_ASM977041v1,0,16
GCA_005237275.1_ASM523727v1,0,11
GCA_005237545.1_ASM523754v1,0,11
GCA_002945255.1_ASM294525v1,0,11
GCA_000415365.1_ASM41536v1,0,0
GCA_005234905.1_ASM523490v1,0,16
GCA_001547115.1_ASM154711v1,0,18
GCA_016642935.1_ASM1664293v1,0,4
GCA_001562895.1_ASM156289v1,0,17
GCA_015538575.1_ASM1553857v1,0,13
GCA_016642205.1_ASM1664220v1,0,3
GCA_016642835.1_ASM1664283v1,0,3
GCA_900179795.1_19789_6_92,0,15
GCA_900179345.1_19789_6_37,0,16
GCA_005238785.1_ASM523878v1,0,14
GCA_900178945.1_19789_6_102,0,15
GCA_000294345.2_ASM29434v2,1,0
GCA_003796005.1_ASM379600v1,0,13
GCA_003796645.1_ASM379664v1,0,13
GCA_001563005.1_ASM156300v1,0,12
GCA_001547175.1_ASM154717v1,0,16
GCA_900303025.1_V1796,0,16
GCA_004126825.1_ASM412682v1,0,6
GCA_900302795.1_V1542,0,15
GCA_001953445.1_ASM195344v1,0,15
GCA_010720795.1_ASM1072079v1,0,5
GCA_900080075.1_Isolate_17,0,16
GCA_002858985.1_ASM285898v1,0,15
GCA_016642945.1_ASM1664294v1,0,4
GCA_900178735.1_19789_6_101,0,15
GCA_003346255.1_ASM334625v1,0,5
GCA_900178955.1_19789_6_100,0,15
GCA_900178615.1_19789_6_115,0,15
GCA_900179045.1_19789_5_39,0,14
GCA_900180145.1_19952_1_20,0,16
GCA_900179735.1_19789_7_25,0,14
GCA_004332255.1_ASM433225v1,0,5
GCA_005237055.1_ASM523705v1,0,14
GCA_001547315.1_ASM154731v1,0,18
GCA_015538935.1_ASM1553893v1,0,16
GCA_002944075.1_ASM294407v1,0,10
GCA_016642175.1_ASM1664217v1,0,3
GCA_014852805.1_ASM1485280v1,0,10
GCA_014852845.1_ASM1485284v1,0,10
GCA_002944215.1_ASM294421v1,0,3
GCA_900179485.1_19789_6_46,0,7
GCA_001545745.1_ASM154574v1,0,18
GCA_900179575.1_19789_6_62,0,7
GCA_900179325.1_19789_6_45,0,8
GCA_900179115.1_19789_6_159,0,17
GCA_003937355.1_ASM393735v1,0,18
GCA_003938045.1_ASM393804v1,0,18
GCA_003938105.1_ASM393810v1,0,18
GCA_003938265.1_ASM393826v1,0,18
GCA_003938395.1_ASM393839v1,0,22
GCA_003938495.1_ASM393849v1,0,19
GCA_003938505.1_ASM393850v1,0,18
GCA_003938515.1_ASM393851v1,0,18
GCA_003939175.1_ASM393917v1,0,18
GCA_003940245.1_ASM394024v1,0,18
GCA_002945935.1_ASM294593v1,0,7
GCA_010722575.1_ASM1072257v1,0,16
GCA_005235305.1_ASM523530v1,0,20
GCA_900178665.1_19789_6_104,0,14
GCA_900178575.1_19789_6_117,0,15
GCA_000632355.1_VSE1036_1.0,0,0
GCA_900178705.1_19789_5_38,0,15
GCA_010119375.1_ASM1011937v1,0,17
GCA_014325705.1_ASM1432570v1,0,12
GCA_001969545.1_ASM196954v1,0,15
GCA_900179435.1_19789_6_169,0,17
GCA_002945615.1_ASM294561v1,0,5
GCA_002944695.1_ASM294469v1,0,10
GCA_900080045.1_Isolate_23,0,16
GCA_004300275.1_ASM430027v1,0,6
GCA_001547495.1_ASM154749v1,0,17
GCA_000632335.1_VRE1261_1.0,0,0
GCA_002009635.1_ASM200963v1,0,9
GCA_004126905.1_ASM412690v1,0,2
GCA_005237705.1_ASM523770v1,0,11
GCA_002944025.1_ASM294402v1,0,4
GCA_012933145.1_ASM1293314v1,0,15
GCA_016642225.1_ASM1664222v1,0,3
GCA_006375775.1_ASM637577v1,0,13
GCA_016642585.1_ASM1664258v1,0,4
GCA_003938305.1_ASM393830v1,0,18
GCA_001896235.1_ASM189623v1,0,13
GCA_900180235.1_19952_4_111,0,15
GCA_003939145.1_ASM393914v1,0,16
GCA_012062555.1_ASM1206255v1,0,14
GCA_005236505.1_ASM523650v1,0,12
GCA_010119315.1_ASM1011931v1,0,9
GCA_010722535.1_ASM1072253v1,0,16
GCA_001547025.1_ASM154702v1,0,18
GCA_012933205.1_ASM1293320v1,0,6
GCA_016642795.1_ASM1664279v1,0,3
GCA_009184525.1_ASM918452v1,0,8
GCA_900179235.1_19789_6_43,0,17
GCA_900178805.1_19789_6_136,0,22
GCA_001542895.1_ASM154289v1,0,16
GCA_900180275.1_19952_4_116,0,17
GCA_003939705.1_ASM393970v1,0,16
GCA_005236645.1_ASM523664v1,0,13
GCA_005238665.1_ASM523866v1,0,13
GCA_004126755.1_ASM412675v1,0,6
GCA_002945375.1_ASM294537v1,0,6
GCA_014326065.1_ASM1432606v1,0,18
GCA_014325905.1_ASM1432590v1,0,15
GCA_005238985.1_ASM523898v1,0,13
GCA_009770535.1_ASM977053v1,0,16
GCA_009733995.1_ASM973399v1,0,13
GCA_005235965.1_ASM523596v1,0,16
GCA_003947145.1_ASM394714v1,0,13
GCA_012933105.1_ASM1293310v1,0,5
GCA_008921905.1_ASM892190v1,0,7
GCA_900080015.1_Isolate_20,0,16
GCA_016643015.1_ASM1664301v1,0,3
GCA_002077625.1_ASM207762v1,0,3
GCA_009770885.1_ASM977088v1,0,15
GCA_003933345.2_ASM393334v2,0,5
GCA_008921955.1_ASM892195v1,0,8
GCA_008921735.1_E._faecium_2.1,0,7
GCA_008921925.1_ASM892192v1,0,7
GCA_008921855.1_ASM892185v1,0,7
GCA_900302865.1_V1736,0,16
GCA_009770435.1_ASM977043v1,0,15
GCA_009770555.1_ASM977055v1,0,16
GCA_009770565.1_ASM977056v1,0,16
GCA_009770745.1_ASM977074v1,0,15
GCA_900302815.1_V1543,0,15
GCA_900303035.1_V1873,0,16
GCA_900303065.1_V1880,0,16
GCA_900303115.1_V1906,0,15
GCA_900303145.1_V1916,0,16
GCA_900179985.1_19789_6_91,0,14
GCA_900179605.1_19789_6_64,0,7
GCA_900179695.1_19789_6_73,0,15
GCA_900179495.1_19789_6_49,0,7
GCA_900179545.1_19789_6_31,0,7
GCA_900178695.1_19789_5_41,0,15
GCA_900179415.1_19789_6_48,0,7
GCA_900179565.1_19789_6_60,0,7
GCA_900179775.1_19789_6_94,0,15
GCA_900179505.1_19789_6_54,0,8
GCA_900180015.1_19789_6_95,0,15
GCA_003795625.1_ASM379562v1,0,13
GCA_003796515.1_ASM379651v1,0,13
GCA_014852765.1_ASM1485276v1,0,10
GCA_005234595.1_ASM523459v1,0,17
GCA_900179135.1_19789_6_33,0,8
GCA_001576665.1_ASM157666v1,0,3
GCA_004103165.1_ASM410316v1,0,16
GCA_900179515.1_19789_6_172,0,13
GCA_902161605.1_25426_7_304,0,14
GCA_002360265.1_ASM236026v1,0,9
GCA_900303165.1_V1934,0,16
GCA_900179365.1_19789_6_50,0,7
GCA_009770175.1_ASM977017v1,0,15
GCA_900302735.1_V1402,0,16
GCA_900302985.1_V1782,0,16
GCA_900179395.1_19789_6_53,0,8
GCA_900179905.1_19789_6_77,0,15
GCA_900179635.1_19789_6_65,0,7
GCA_900179845.1_19789_6_90,0,15
GCA_900179855.1_19789_6_80,0,14
GCA_900179715.1_19789_6_71,0,14
GCA_900180455.1_19789_6_76,0,14
GCA_001547355.1_ASM154735v1,0,18
GCA_900179585.1_19789_6_61,0,7
GCA_900179595.1_19789_6_63,0,8
GCA_900179745.1_19789_6_82,0,15
GCA_900179615.1_19789_6_66,0,8
GCA_900302895.1_V1757,0,16
GCA_900303045.1_V1877,0,18
GCA_900303295.1_V1779,0,16
GCA_900179255.1_19789_6_34,0,8
GCA_900180125.1_19952_1_18,0,14
GCA_900178675.1_19789_5_40,0,16
GCA_009770735.1_ASM977073v1,0,15
GCA_001545955.1_ASM154595v1,0,21
GCA_015538745.1_ASM1553874v1,0,16
GCA_003796065.1_ASM379606v1,0,6
GCA_900179815.1_19789_6_84,0,15
GCA_900179675.1_19789_6_68,0,15
GCA_900179155.1_19789_6_29,0,15
GCA_014326165.1_ASM1432616v1,0,15
GCA_900179315.1_19789_6_35,0,14
GCA_900179405.1_19789_6_28,0,14
GCA_900179455.1_19789_6_52,0,8
GCA_001562975.1_ASM156297v1,0,16
GCA_900178895.1_19789_6_107,0,15
GCA_900179665.1_19789_6_69,0,15
GCA_900179555.1_19789_6_58,0,14
GCA_900179655.1_19789_6_70,0,14
GCA_900179685.1_19789_6_75,0,15
GCA_900179755.1_19789_6_89,0,14
GCA_900179965.1_19789_6_83,0,15
GCA_900180045.1_19789_6_88,0,15
GCA_900179185.1_19789_6_51,0,7
GCA_900179165.1_19789_6_44,0,15
GCA_900179245.1_19789_6_40,0,14
GCA_003938035.1_ASM393803v1,0,21
GCA_003939745.1_ASM393974v1,0,17
GCA_900179535.1_19789_6_32,0,8
GCA_900179865.1_19789_6_81,0,14
GCA_002630975.1_ASM263097v1,0,7
GCA_001953435.1_ASM195343v1,0,10
GCA_001546995.1_ASM154699v1,0,18
GCA_900179955.1_19789_6_87,0,14
GCA_900179015.1_19789_6_110,0,15
GCA_900179625.1_19789_6_67,0,8
GCA_900179525.1_19789_6_57,0,14
GCA_004300025.1_ASM430002v1,0,9
GCA_014337875.1_ASM1433787v1,0,18
GCA_900303085.1_V1886,0,16
GCA_002946175.1_ASM294617v1,0,5
GCA_002562805.1_ASM256280v1,0,13
GCA_002948235.1_ASM294823v1,0,5
GCA_002948675.1_ASM294867v1,0,10
GCA_014325585.1_ASM1432558v1,0,16
GCA_005237215.1_ASM523721v1,0,4
GCA_002947925.1_ASM294792v1,0,9
GCA_001545855.1_ASM154585v1,0,18
GCA_004126915.1_ASM412691v1,0,3
GCA_005236325.1_ASM523632v1,0,12
GCA_900179305.1_19789_6_171,0,15
GCA_004300065.1_ASM430006v1,0,15
GCA_004300105.1_ASM430010v1,0,15
GCA_004300525.1_ASM430052v1,0,15
GCA_004300185.1_ASM430018v1,0,15
GCA_004300505.1_ASM430050v1,0,13
GCA_014325625.1_ASM1432562v1,0,17
GCA_014325795.1_ASM1432579v1,0,18
GCA_014326195.1_ASM1432619v1,0,16
GCA_014326495.1_ASM1432649v1,0,15
GCA_012932955.1_ASM1293295v1,0,6
GCA_000159675.1_ASM15967v1,1,0
GCA_010722815.1_ASM1072281v1,0,15
GCA_009770905.1_ASM977090v1,0,16
GCA_009770305.1_ASM977030v1,0,14
GCA_014853085.1_ASM1485308v1,0,16
GCA_000415285.2_ASM41528v2,0,0
GCA_009770155.1_ASM977015v1,0,14
GCA_900302785.1_V1511,0,16
GCA_900302945.1_V1775,0,16
GCA_002944835.1_ASM294483v1,0,10
GCA_009770725.1_ASM977072v1,0,16
GCA_003408975.1_ASM340897v1,0,8
GCA_003408995.1_ASM340899v1,0,16
GCA_004152475.1_ASM415247v1,0,18
GCA_005236495.1_ASM523649v1,0,11
GCA_001547475.1_ASM154747v1,0,18
GCA_009846545.2_ASM984654v2,0,0
GCA_003719365.1_ASM371936v1,0,14
GCA_008921945.1_ASM892194v1,0,7
GCA_014852995.1_ASM1485299v1,0,9
GCA_002859025.1_ASM285902v1,0,14
GCA_001545795.1_ASM154579v1,0,19
GCA_003795785.1_ASM379578v1,0,13
GCA_004300345.1_ASM430034v1,0,15
GCA_004300005.1_ASM430000v1,0,15
GCA_015538905.1_ASM1553890v1,0,14
GCA_005236155.1_ASM523615v1,0,14
GCA_015221295.1_ASM1522129v1,0,16
GCA_001562925.1_ASM156292v1,0,16
GCA_008921725.1_ASM892172v1,0,8
GCA_001969645.1_ASM196964v1,0,15
GCA_013280555.1_ASM1328055v1,0,15
GCA_900179375.1_19789_6_30,0,14
GCA_900178585.1_19789_6_108,0,15
GCA_900179265.1_19789_6_27,0,14
GCA_900179465.1_19789_6_39,0,14
GCA_900179705.1_19789_6_74,0,14
GCA_900179825.1_19789_6_86,0,14
GCA_900179895.1_19789_6_79,0,14
GCA_900179145.1_19789_6_42,0,14
GCA_900179645.1_19789_6_72,0,15
GCA_900179945.1_19789_6_85,0,14
GCA_900179125.1_19789_6_38,0,8
GCA_000172835.1_ASM17283v1,0,0
GCA_003939765.1_ASM393976v1,0,17
GCA_004126765.1_ASM412676v1,0,5
GCA_014852875.1_ASM1485287v1,0,9
GCA_014326125.1_ASM1432612v1,0,16
GCA_003796285.1_ASM379628v1,0,8
GCA_003796335.1_ASM379633v1,0,8
GCA_900178995.1_19789_6_155,0,17
GCA_009770315.1_ASM977031v1,0,16
GCA_004127085.1_ASM412708v1,0,4
GCA_005236515.1_ASM523651v1,0,11
GCA_005236525.1_ASM523652v1,0,11
GCA_005237675.1_ASM523767v1,0,11
GCA_005237725.1_ASM523772v1,0,11
GCA_001953395.1_ASM195339v1,0,15
GCA_005234895.1_ASM523489v1,0,17
GCA_005237325.1_ASM523732v1,0,11
GCA_008725835.1_ASM872583v1,0,11
GCA_001547425.1_ASM154742v1,0,19
GCA_004126655.1_ASM412665v1,0,3
GCA_004126975.1_ASM412697v1,0,3
GCA_002894565.1_ASM289456v1,0,18
GCA_003939775.1_ASM393977v1,0,18
GCA_002858965.1_ASM285896v1,0,15
GCA_015538535.1_ASM1553853v1,0,15
GCA_000411655.1_ASM41165v1,0,0
GCA_006375855.1_ASM637585v1,0,18
GCA_001990615.1_ASM199061v1,0,12
GCA_003697805.1_ASM369780v1,0,15
GCA_002141435.1_ASM214143v1,0,6
GCA_016642685.1_ASM1664268v1,0,5
GCA_005234745.1_ASM523474v1,0,3
GCA_001545685.1_ASM154568v1,0,16
GCA_001545785.1_ASM154578v1,0,19
GCA_002947615.1_ASM294761v1,0,13
GCA_004151885.1_ASM415188v1,0,18
GCA_002140595.1_ASM214059v1,0,6
GCA_900332125.2_TASVRE1,0,16
GCA_009770265.1_ASM977026v1,0,15
GCA_004152305.1_ASM415230v1,0,7
GCA_900179195.1_19789_6_47,0,8
GCA_004151975.1_ASM415197v1,0,18
GCA_900180025.1_19789_6_78,0,15
GCA_000295435.2_ASM29543v2,0,0
GCA_004151795.1_ASM415179v1,0,16
GCA_009770875.1_ASM977087v1,0,16
GCA_008725935.1_ASM872593v1,0,11
GCA_014326395.1_ASM1432639v1,0,15
GCA_014326485.1_ASM1432648v1,0,16
GCA_014325935.1_ASM1432593v1,0,16
GCA_004127135.1_ASM412713v1,0,4
GCA_002944435.1_ASM294443v1,0,5
GCA_002631705.1_ASM263170v1,0,15
GCA_004151865.1_ASM415186v1,0,17
GCA_900080105.1_Isolate_12,0,15
GCA_003719355.1_ASM371935v1,0,15
GCA_014326325.1_ASM1432632v1,0,15
GCA_014326425.1_ASM1432642v1,0,17
GCA_015538695.1_ASM1553869v1,0,16
GCA_004126555.1_ASM412655v1,0,2
GCA_002944375.1_ASM294437v1,0,5
GCA_001858355.1_ASM185835v1,0,11
GCA_005236375.1_ASM523637v1,0,14
GCA_009770485.1_ASM977048v1,0,16
GCA_005236225.1_ASM523622v1,0,14
GCA_003797055.1_ASM379705v1,0,6
GCA_008725845.1_ASM872584v1,0,11
GCA_004299905.1_ASM429990v1,0,18
GCA_000295275.2_ASM29527v2,0,0
GCA_002945895.1_ASM294589v1,0,5
GCA_009770085.1_ASM977008v1,0,15
GCA_004151965.1_ASM415196v1,0,18
GCA_002859005.1_ASM285900v1,0,15
GCA_004300535.1_ASM430053v1,0,15
GCA_006375945.1_ASM637594v1,0,17
GCA_003284785.1_ASM328478v1,0,17
GCA_005236145.1_ASM523614v1,0,11
GCA_002631665.1_ASM263166v1,0,12
GCA_008921835.1_7.0.4,0,8
GCA_008921935.1_ASM892193v1,0,7
GCA_001953465.1_ASM195346v1,0,9
GCA_016642885.1_ASM1664288v1,0,3
GCA_006376005.1_ASM637600v1,0,13
GCA_002416685.1_ASM241668v1,0,10
GCA_004152005.1_ASM415200v1,0,6
GCA_002631505.1_ASM263150v1,0,14
GCA_016642825.1_ASM1664282v1,0,5
GCA_015538785.1_ASM1553878v1,0,18
GCA_002562865.1_ASM256286v1,0,15
GCA_004126675.1_ASM412667v1,0,4
GCA_008726035.1_ASM872603v1,0,11
GCA_008726075.1_ASM872607v1,0,11
GCA_009770755.1_ASM977075v1,0,15
GCA_005234245.1_ASM523424v1,0,17
GCA_009846555.2_ASM984655v2,0,0
GCA_008921825.1_7.0.4,0,7
GCA_000161855.1_EFCM_TC6_V1,0,0
GCA_000176295.1_EFCS_D344SRF_V1,0,0
GCA_001547415.1_ASM154741v1,0,17
GCA_009846515.2_ASM984651v2,0,0
GCA_001563065.1_ASM156306v1,0,16
GCA_900080035.1_Isolate_19,0,20
GCA_004126795.1_ASM412679v1,0,4
GCA_004127105.1_ASM412710v1,0,5
GCA_005236135.1_ASM523613v1,0,14
GCA_005237365.1_ASM523736v1,0,17
GCA_002946895.1_ASM294689v1,0,5
GCA_001545495.1_ASM154549v1,0,19
GCA_008726125.1_ASM872612v1,0,11
GCA_003332845.1_ASM333284v1,0,15
GCA_004126775.1_ASM412677v1,0,3
GCA_001057285.1_ASM105728v1,0,3
GCA_004125515.1_ASM412551v1,0,3
GCA_003796105.1_ASM379610v1,0,13
GCA_005234215.1_ASM523421v1,0,17
GCA_005234425.1_ASM523442v1,0,17
GCA_000157555.1_ASM15755v1,0,0
GCA_006375645.1_ASM637564v1,0,13
GCA_005234225.1_ASM523422v1,0,17
GCA_004126885.1_ASM412688v1,0,6
GCA_002944535.1_ASM294453v1,0,10
GCA_004127015.1_ASM412701v1,0,3
GCA_002945835.1_ASM294583v1,0,10
GCA_002631625.1_ASM263162v1,0,14
GCA_006375735.1_ASM637573v1,0,22
GCA_014852945.1_ASM1485294v1,0,14
GCA_001562915.1_ASM156291v1,0,16
GCA_015538635.1_ASM1553863v1,0,16
GCA_004152075.1_ASM415207v1,0,17
GCA_004300445.1_ASM430044v1,0,12
GCA_004152275.1_ASM415227v1,0,19
GCA_000632295.1_VRE0576_1.0,0,0
GCA_000328425.1_Hybrid_assembly,0,0
GCA_006375865.1_ASM637586v1,0,13
GCA_009770325.1_ASM977032v1,0,16
GCA_005238515.1_ASM523851v1,0,11
GCA_003796405.1_ASM379640v1,0,10
GCA_003796815.1_ASM379681v1,0,10
GCA_005234705.1_ASM523470v1,0,12
GCA_005236125.1_ASM523612v1,0,11
GCA_005237195.1_ASM523719v1,0,12
GCA_005234235.1_ASM523423v1,0,17
GCA_005234405.1_ASM523440v1,0,17
GCA_014854915.1_ASM1485491v1,0,10
GCA_006375895.1_ASM637589v1,0,18
GCA_002948245.1_ASM294824v1,0,8
GCA_005237355.1_ASM523735v1,0,12
GCA_009770655.1_ASM977065v1,0,16
GCA_004152515.1_ASM415251v1,0,22
GCA_004300395.1_ASM430039v1,0,19
GCA_014854975.1_ASM1485497v1,0,10
GCA_015208145.1_ASM1520814v1,0,4
GCA_900080095.1_Isolate_22,0,23
GCA_005238475.1_ASM523847v1,0,3
GCA_005236245.1_ASM523624v1,0,17
GCA_005237165.1_ASM523716v1,0,17
GCA_003240455.1_ASM324045v1,0,13
GCA_004300625.1_ASM430062v1,0,18
GCA_005235395.1_ASM523539v1,0,17
GCA_002631645.1_ASM263164v1,0,16
GCA_004152605.1_ASM415260v1,0,18
GCA_005236665.1_ASM523666v1,0,4
GCA_006376055.1_ASM637605v1,0,15
GCA_004152205.1_ASM415220v1,0,17
GCA_005238805.1_ASM523880v1,0,3
GCA_004126685.1_ASM412668v1,0,3
GCA_001953455.1_ASM195345v1,0,7
GCA_015538545.1_ASM1553854v1,0,14
GCA_004152505.1_ASM415250v1,0,17
GCA_009770075.1_ASM977007v1,0,15
GCA_009770605.1_ASM977060v1,0,16
GCA_015538435.1_ASM1553843v1,0,14
GCA_005234855.1_ASM523485v1,0,17
GCA_001543735.1_ASM154373v1,0,18
GCA_004152185.1_ASM415218v1,0,6
GCA_004127055.1_ASM412705v1,0,4
GCA_004151985.1_ASM415198v1,0,17
GCA_004151995.1_ASM415199v1,0,12
GCA_009770805.1_ASM977080v1,0,15
GCA_005238445.1_ASM523844v1,0,3
GCA_002948605.1_ASM294860v1,0,14
GCA_004151765.1_ASM415176v1,0,16
GCA_004126985.1_ASM412698v1,0,4
GCA_005237785.1_ASM523778v1,0,11
GCA_004151815.1_ASM415181v1,0,18
GCA_004152395.1_ASM415239v1,0,18
GCA_004152415.1_ASM415241v1,0,18
GCA_001543575.1_ASM154357v1,0,19
GCA_001543835.1_ASM154383v1,0,18
GCA_008922055.1_ASM892205v1,0,18
GCA_009078405.1_ASM907840v1,0,18
GCA_005237515.1_ASM523751v1,0,11
GCA_015538625.1_ASM1553862v1,0,15
GCA_005234875.1_ASM523487v1,0,17
GCA_005235445.1_ASM523544v1,0,17
GCA_004126595.1_ASM412659v1,0,4
GCA_900080085.1_Isolate_21,0,16
GCA_005236315.1_ASM523631v1,0,13
GCA_004300315.1_ASM430031v1,0,17
GCA_009734915.1_ASM973491v1,0,18
GCA_004299865.1_ASM429986v1,0,18
GCA_009769925.1_ASM976992v1,0,14
GCA_005236115.1_ASM523611v1,0,10
GCA_005237715.1_ASM523771v1,0,10
GCA_002631655.1_ASM263165v1,0,15
GCA_004151875.1_ASM415187v1,0,17
GCA_004151925.1_ASM415192v1,0,17
GCA_004127075.1_ASM412707v1,0,3
GCA_003937635.1_ASM393763v1,0,18
GCA_004299925.1_ASM429992v1,0,18
GCA_002859045.1_ASM285904v1,0,13
GCA_015538755.1_ASM1553875v1,0,11
GCA_015538795.1_ASM1553879v1,0,11
GCA_005237735.1_ASM523773v1,0,12
GCA_004152135.1_ASM415213v1,0,22
GCA_004152265.1_ASM415226v1,0,12
GCA_002442475.1_ASM244247v1,0,14
GCA_001545675.1_ASM154567v1,0,18
GCA_003938375.1_ASM393837v1,0,18
GCA_015538405.1_ASM1553840v1,0,14
GCA_015538475.1_ASM1553847v1,0,16
GCA_004127025.1_ASM412702v1,0,3
GCA_001996345.1_ASM199634v1,0,10
GCA_002750905.2_ASM275090v2,0,18
GCA_015551885.1_ASM1555188v1,0,18
GCA_008868365.1_ASM886836v1,0,14
GCA_004152165.1_ASM415216v1,0,22
GCA_016643005.1_ASM1664300v1,0,3
GCA_009078415.1_ASM907841v1,0,18
GCA_008921805.1_ASM892180v1,0,18
GCA_008922005.1_ASM892200v1,0,18
GCA_014982635.1_ASM1498263v1,0,5
GCA_004126575.1_ASM412657v1,0,3
GCA_004300425.1_ASM430042v1,0,19
GCA_005236355.1_ASM523635v1,0,3
GCA_005236195.1_ASM523619v1,0,13
GCA_005236235.1_ASM523623v1,0,13
GCA_006376175.1_ASM637617v1,0,15
GCA_009769915.1_ASM976991v1,0,16
GCA_009734515.1_ASM973451v1,0,18
GCA_004151785.1_ASM415178v1,0,17
GCA_000295195.2_ASM29519v2,0,0
GCA_004151775.1_ASM415177v1,0,17
GCA_008131625.1_ASM813162v1,0,17
GCA_004300375.1_ASM430037v1,0,18
GCA_014852955.1_ASM1485295v1,0,16
GCA_004152585.1_ASM415258v1,0,13
GCA_001547365.1_ASM154736v1,0,15
GCA_002948415.1_ASM294841v1,0,5
GCA_004152175.1_ASM415217v1,0,18
GCA_005236025.1_ASM523602v1,0,12
GCA_002944455.1_ASM294445v1,0,7
GCA_004299995.1_ASM429999v1,0,18
GCA_002631535.1_ASM263153v1,0,15
GCA_002946955.1_ASM294695v1,0,3
GCA_004152105.1_ASM415210v1,0,14
GCA_015538425.1_ASM1553842v1,0,18
GCA_900080115.1_Isolate_24,0,16
GCA_004300355.1_ASM430035v1,0,17
GCA_000172915.1_ASM17291v1,0,0
GCA_008131565.1_ASM813156v1,0,16
GCA_006375915.1_ASM637591v1,0,15
GCA_004299975.1_ASM429997v1,0,11
GCA_005237235.1_ASM523723v1,0,13
GCA_004126565.1_ASM412656v1,0,7
GCA_005234785.1_ASM523478v1,0,13
GCA_005237525.1_ASM523752v1,0,13
GCA_005237385.1_ASM523738v1,0,11
GCA_001543825.1_ASM154382v1,0,17
GCA_004126855.1_ASM412685v1,0,4
GCA_005237865.1_ASM523786v1,0,11
GCA_002360135.1_ASM236013v1,0,9
GCA_005236345.1_ASM523634v1,0,13
GCA_005236605.1_ASM523660v1,0,13
GCA_004300195.1_ASM430019v1,0,11
GCA_006375695.1_ASM637569v1,0,13
GCA_005236305.1_ASM523630v1,0,12
GCA_015538595.1_ASM1553859v1,0,17
GCA_015538485.1_ASM1553848v1,0,18
GCA_003335835.1_ASM333583v1,0,15
GCA_006375925.1_ASM637592v1,0,17
GCA_015538985.1_ASM1553898v1,0,15
GCA_015536545.1_ASM1553654v1,0,18
GCA_001545605.1_ASM154560v1,0,18
GCA_001547285.1_ASM154728v1,0,23
GCA_015538675.1_ASM1553867v1,0,15
GCA_002949035.1_ASM294903v1,0,10
GCA_002948875.1_ASM294887v1,0,12
GCA_001545835.1_ASM154583v1,0,18
GCA_000294875.2_ASM29487v2,0,0
GCA_009734925.1_ASM973492v1,0,18
GCA_009733985.1_ASM973398v1,0,13
GCA_014852745.1_ASM1485274v1,0,14
GCA_009734805.1_ASM973480v1,0,17
GCA_009734855.1_ASM973485v1,0,18
GCA_004299885.1_ASM429988v1,0,18
GCA_004299965.1_ASM429996v1,0,18
GCA_004300115.1_ASM430011v1,0,18
GCA_004152065.1_ASM415206v1,0,17
GCA_002233655.1_ASM223365v1,0,16
GCA_001546375.1_ASM154637v1,0,3
GCA_009769955.1_ASM976995v1,0,14
GCA_000157595.1_ASM15759v1,0,0
GCA_002944235.1_ASM294423v1,0,3
GCA_004299875.1_ASM429987v1,0,17
GCA_002947295.1_ASM294729v1,0,3
GCA_001543795.1_ASM154379v1,0,18
GCA_015546985.1_ASM1554698v1,0,3
GCA_015536555.1_ASM1553655v1,0,16
GCA_015538525.1_ASM1553852v1,0,16
GCA_004300125.1_ASM430012v1,0,14
GCA_004300705.1_ASM430070v1,0,13
GCA_004300725.1_ASM430072v1,0,13
GCA_004300655.1_ASM430065v1,0,13
GCA_004300165.1_ASM430016v1,0,13
GCA_004300465.1_ASM430046v1,0,14
GCA_004300645.1_ASM430064v1,0,13
GCA_004300285.1_ASM430028v1,0,14
GCA_004300805.1_ASM430080v1,0,13
GCA_004300175.1_ASM430017v1,0,14
GCA_004300555.1_ASM430055v1,0,14
GCA_004300775.1_ASM430077v1,0,14
GCA_004300605.1_ASM430060v1,0,14
GCA_004300755.1_ASM430075v1,0,13
GCA_003940205.1_ASM394020v1,0,12
GCA_001547095.1_ASM154709v1,0,19
GCA_001547335.1_ASM154733v1,0,19
GCA_002948155.1_ASM294815v1,0,9
GCA_004300075.1_ASM430007v1,0,14
GCA_004300715.1_ASM430071v1,0,14
GCA_004300635.1_ASM430063v1,0,14
GCA_009769935.1_ASM976993v1,0,16
GCA_004152285.1_ASM415228v1,0,6
GCA_000295215.2_ASM29521v2,0,0
GCA_009770965.1_ASM977096v1,0,16
GCA_002944355.1_ASM294435v1,0,4
GCA_009770105.1_ASM977010v1,0,15
GCA_005237205.1_ASM523720v1,0,14
GCA_004300435.1_ASM430043v1,0,13
GCA_003350815.1_ASM335081v1,0,16
GCA_001545775.1_ASM154577v1,0,18
GCA_009734975.1_ASM973497v1,0,17
GCA_001055715.1_ASM105571v1,0,12
GCA_014853025.1_ASM1485302v1,0,8
GCA_001562905.1_ASM156290v1,0,14
GCA_002948075.1_ASM294807v1,0,10
GCA_001545595.1_ASM154559v1,0,18
GCA_001545725.1_ASM154572v1,0,19
GCA_015538725.1_ASM1553872v1,0,11
GCA_010720715.1_ASM1072071v1,0,5
GCA_002945185.1_ASM294518v1,0,18
GCA_001543765.1_ASM154376v1,0,18
GCA_004151895.1_ASM415189v1,0,13
GCA_004152405.1_ASM415240v1,0,13
GCA_006375635.1_ASM637563v1,0,12
GCA_003284815.1_ASM328481v1,0,13
GCA_004126705.1_ASM412670v1,0,3
GCA_002948015.1_ASM294801v1,0,13
GCA_009735025.1_ASM973502v1,0,13
GCA_003796125.1_ASM379612v1,0,5
GCA_002946915.1_ASM294691v1,0,12
GCA_009769945.1_ASM976994v1,0,15
GCA_015671075.1_ASM1567107v1,0,18
GCA_004152575.1_ASM415257v1,0,7
GCA_002216245.1_ASM221624v1,0,5
GCA_002947115.1_ASM294711v1,0,9
GCA_000295115.2_ASM29511v2,0,0
GCA_000295415.2_ASM29541v2,0,0
GCA_004127115.1_ASM412711v1,0,3
GCA_015538455.1_ASM1553845v1,0,17
GCA_001582095.1_ASM158209v1,0,12
GCA_001543635.1_ASM154363v1,0,18
GCA_002947355.1_ASM294735v1,0,3
GCA_000157535.1_ASM15753v1,0,0
GCA_002158325.1_ASM215832v1,0,18
GCA_000294835.2_ASM29483v2,0,0
GCA_001543555.1_ASM154355v1,0,18
GCA_003312385.1_ASM331238v1,0,19
GCA_004152485.1_ASM415248v1,0,13
GCA_000295595.2_ASM29559v2,0,0
GCA_002949075.1_ASM294907v1,0,12
GCA_002894545.1_ASM289454v1,0,17
GCA_001056925.1_ASM105692v1,0,17
GCA_003323535.1_ASM332353v1,0,17
GCA_003323475.1_ASM332347v1,0,17
GCA_002949215.1_ASM294921v1,0,12
GCA_001545535.1_ASM154553v1,0,19
GCA_001543675.1_ASM154367v1,0,19
GCA_000295255.2_ASM29525v2,0,0
GCA_003323435.1_ASM332343v1,0,17
GCA_001562995.1_ASM156299v1,0,17
GCA_002562875.1_ASM256287v1,0,17
GCA_003350725.1_ASM335072v1,0,14
GCA_001547105.1_ASM154710v1,0,19
GCA_002947485.1_ASM294748v1,0,8
GCA_000295375.2_ASM29537v2,0,0
GCA_003323545.1_ASM332354v1,0,15
GCA_001054465.1_ASM105446v1,0,14
GCA_001055235.1_ASM105523v1,0,7
GCA_001545655.1_ASM154565v1,0,19
GCA_000294855.2_ASM29485v2,0,0
GCA_000295515.2_ASM29551v2,0,0
GCA_001543665.1_ASM154366v1,0,17
GCA_900303155.1_V1932,0,17
GCA_000295175.2_ASM29517v2,0,0
GCA_000294955.2_ASM29495v2,0,0
GCA_000295555.2_ASM29555v2,0,0
GCA_000295135.2_ASM29513v2,0,0
GCA_000295455.2_ASM29545v2,0,0
GCA_000294995.2_ASM29499v2,0,0
GCA_000295535.2_ASM29553v2,0,0
GCA_001547235.1_ASM154723v1,0,18
GCA_000295615.2_ASM29561v2,0,0
GCA_000166815.1_ASM16681v1,0,0
GCA_000295395.2_ASM29539v2,0,0
GCA_000295355.2_ASM29535v2,0,0
GCA_003350765.1_ASM335076v1,0,18
GCA_000295015.1_ASM29501v1,0,0
GCA_000295235.2_ASM29523v2,0,0
GCA_008131595.1_ASM813159v1,0,14
GCA_000295075.2_ASM29507v2,0,0
GCA_001543645.1_ASM154364v1,0,18
GCA_002947765.1_ASM294776v1,0,6
GCA_009770215.1_ASM977021v1,0,16
GCA_009770065.1_ASM977006v1,0,16
GCA_006375615.1_ASM637561v1,0,18
GCA_001053045.1_ASM105304v1,0,14
GCA_002948695.1_ASM294869v1,0,3
GCA_002630985.1_ASM263098v1,0,8
GCA_000294975.2_ASM29497v2,0,0
GCA_000294935.2_ASM29493v2,0,0
GCA_001543715.1_ASM154371v1,0,17
GCA_002948755.1_ASM294875v1,0,7
GCA_003312405.1_ASM331240v1,0,21
GCA_000295575.2_ASM29557v2,0,0
GCA_002948045.1_ASM294804v1,0,14
GCA_002562815.1_ASM256281v1,0,11
GCA_001055445.1_ASM105544v1,0,6
GCA_001053155.1_ASM105315v1,0,14
GCA_000295055.2_ASM29505v2,0,0
GCA_009735005.1_ASM973500v1,0,17
GCA_902160485.1_25426_7_184,0,3
GCA_003323655.1_ASM332365v1,0,15
GCA_008131305.1_ASM813130v1,0,17
GCA_000295315.2_ASM29531v2,0,0
GCA_000294815.2_ASM29481v2,0,0
GCA_008131705.1_ASM813170v1,0,19
GCA_003323415.1_ASM332341v1,0,18
GCA_000295035.2_ASM29503v2,0,0
GCA_003240465.1_ASM324046v1,0,19
GCA_003350785.1_ASM335078v1,0,18
GCA_002949115.1_ASM294911v1,0,6
GCA_008131195.1_ASM813119v1,0,15
GCA_002158215.1_ASM215821v1,0,16
GCA_002947255.1_ASM294725v1,0,11
GCA_002947475.1_ASM294747v1,0,6
GCA_001545715.1_ASM154571v1,0,18
GCA_003323335.1_ASM332333v1,0,18
GCA_001543745.1_ASM154374v1,0,19
GCA_003350675.1_ASM335067v1,0,17
GCA_002947885.1_ASM294788v1,0,6
GCA_001481405.1_ASM148140v1,0,17
GCA_001056605.1_ASM105660v1,0,13
GCA_001052485.1_ASM105248v1,0,14
GCA_002948355.1_ASM294835v1,0,13
GCA_003350715.1_ASM335071v1,0,23
GCA_006541645.1_ASM654164v1,0,3
GCA_002948115.1_ASM294811v1,0,11
GCA_002945055.1_ASM294505v1,0,12
GCA_002158365.1_ASM215836v1,0,12
GCA_001545845.1_ASM154584v1,0,18
GCA_001545545.1_ASM154554v1,0,18
GCA_902165245.1_25964_2_309,0,3
GCA_001058125.1_ASM105812v1,0,13
GCA_002949055.1_ASM294905v1,0,16
GCA_001054215.1_ASM105421v1,0,14
GCA_001543565.1_ASM154356v1,0,19
GCA_003323385.1_ASM332338v1,0,18
GCA_011316145.1_ASM1131614v1,0,16
GCA_001052685.1_ASM105268v1,0,6
GCA_001052865.1_ASM105286v1,0,18
GCA_000294915.2_ASM29491v2,0,0
GCA_003284825.1_ASM328482v1,0,12
GCA_001053135.1_ASM105313v1,0,14
GCA_003335855.1_ASM333585v1,0,16
GCA_003323515.1_ASM332351v1,0,15
GCA_003323375.1_ASM332337v1,0,23
GCA_003323665.1_ASM332366v1,0,11
GCA_003335905.1_ASM333590v1,0,23
GCA_002027505.1_ASM202750v1,0,15
GCA_008131375.1_ASM813137v1,0,17
GCA_003350805.1_ASM335080v1,0,14
GCA_008131385.1_ASM813138v1,0,14
GCA_008123945.1_ASM812394v1,0,15
GCA_008131445.1_ASM813144v1,0,17
GCA_002158285.1_ASM215828v1,0,18
GCA_001059995.1_ASM105999v1,0,13
GCA_003323565.1_ASM332356v1,0,11
GCA_002260815.1_VRE2015-149,0,16
GCA_002948595.1_ASM294859v1,0,14
GCA_902165965.1_26009_2_22,0,3
GCA_003350665.1_ASM335066v1,0,23
GCA_003350705.1_ASM335070v1,0,16
GCA_003350845.1_ASM335084v1,0,17
GCA_003242945.1_ASM324294v1,0,15
GCA_003202475.1_ASM320247v1,0,14
GCA_001060065.1_ASM106006v1,0,17
GCA_003323465.1_ASM332346v1,0,18
GCA_001059965.1_ASM105996v1,0,21
GCA_011316195.1_ASM1131619v1,0,15
GCA_008131615.1_ASM813161v1,0,14
GCA_003350905.1_ASM335090v1,0,13
GCA_003323575.1_ASM332357v1,0,16
GCA_003323695.1_ASM332369v1,0,18
GCA_002630965.1_ASM263096v1,0,10
GCA_001543585.1_ASM154358v1,0,18
GCA_001059685.1_ASM105968v1,0,16
GCA_001059755.1_ASM105975v1,0,16
GCA_002948375.1_ASM294837v1,0,12
GCA_003323615.1_ASM332361v1,0,18
GCA_002158355.1_ASM215835v1,0,16
GCA_003335715.1_ASM333571v1,0,15
GCA_002562855.1_ASM256285v1,0,18
GCA_001052405.1_ASM105240v1,0,14
GCA_008131365.1_ASM813136v1,0,17
GCA_002946805.1_ASM294680v1,0,3
GCA_001547075.1_ASM154707v1,0,19
GCA_002158435.1_ASM215843v1,0,12
GCA_001054055.1_ASM105405v1,0,14
GCA_008131515.1_ASM813151v1,0,14
GCA_002158245.1_ASM215824v1,0,16
GCA_008131145.1_ASM813114v1,0,17
GCA_002158385.1_ASM215838v1,0,21
GCA_008131355.1_ASM813135v1,0,17
GCA_009770225.1_ASM977022v1,0,15
GCA_008131685.1_ASM813168v1,0,16
GCA_003244335.1_ASM324433v1,0,17
GCA_008131295.1_ASM813129v1,0,14
GCA_000172875.1_ASM17287v1,0,0
GCA_000295495.2_ASM29549v2,0,0
GCA_003335795.1_ASM333579v1,0,17
GCA_001545555.1_ASM154555v1,0,16
GCA_009769985.1_ASM976998v1,0,15
GCA_000157435.1_ASM15743v1,0,0
GCA_003323595.1_ASM332359v1,0,17
GCA_002260775.1_VRE2014-7,0,18
GCA_001053215.1_ASM105321v1,0,14
GCA_002260625.1_VRE2016-194,0,15
GCA_000295155.2_ASM29515v2,0,0
GCA_002158275.1_ASM215827v1,0,18
GCA_002944175.1_ASM294417v1,0,7
GCA_003350885.1_ASM335088v1,0,18
GCA_008131455.1_ASM813145v1,0,17
GCA_002260825.1_VRE2016-78,0,17
GCA_000294895.2_ASM29489v2,0,0
GCA_002631165.1_ASM263116v1,0,6
GCA_002944195.1_ASM294419v1,0,9
GCA_013248515.1_ASM1324851v1,1,3
GCA_002944115.1_ASM294411v1,0,9
GCA_001545615.1_ASM154561v1,0,16
GCA_008131155.1_ASM813115v1,0,15
GCA_008131535.1_ASM813153v1,0,15
GCA_014855085.1_ASM1485508v1,0,13
GCA_008131645.1_ASM813164v1,0,17
GCA_015538925.1_ASM1553892v1,0,16
GCA_002005825.1_ASM200582v1,0,16
GCA_002948955.1_ASM294895v1,0,4
GCA_000239115.2_ASM23911v2,0,0
GCA_002944135.1_ASM294413v1,0,9
GCA_002158295.1_ASM215829v1,0,18
GCA_001545895.1_ASM154589v1,0,22
GCA_001547195.1_ASM154719v1,0,18
GCA_002158445.1_ASM215844v1,0,17
GCA_009770145.1_ASM977014v1,0,15
GCA_002158375.1_ASM215837v1,0,12
GCA_001058095.1_ASM105809v1,0,17
GCA_008131205.1_ASM813120v1,0,14
GCA_001055845.1_ASM105584v1,0,17
GCA_001059555.1_ASM105955v1,0,14
GCA_003335825.1_ASM333582v1,0,15
GCA_003350635.1_ASM335063v1,0,15
GCA_000477595.1_EfmE1165_v1.0,0,0
GCA_002265255.1_ASM226525v1,0,4
GCA_003350625.1_ASM335062v1,0,17
GCA_003335785.1_ASM333578v1,0,17
GCA_003350865.1_ASM335086v1,0,16
GCA_003335865.1_ASM333586v1,0,18
GCA_001056745.1_ASM105674v1,0,13
GCA_003202445.1_ASM320244v1,0,16
GCA_001058945.1_ASM105894v1,0,11
GCA_001076335.1_ASM107633v1,0,14
GCA_010720725.1_ASM1072072v1,0,5
GCA_008131675.1_ASM813167v1,0,16
GCA_009770055.1_ASM977005v1,0,15
GCA_011316265.1_ASM1131626v1,0,15
GCA_010720755.1_ASM1072075v1,0,5
GCA_004152465.1_ASM415246v1,0,17
GCA_001052435.1_ASM105243v1,0,14
GCA_008131525.1_ASM813152v1,0,15
GCA_002005885.1_ASM200588v1,0,17
GCA_003323455.1_ASM332345v1,0,22
GCA_000411635.1_ASM41163v1,0,0
GCA_000239095.2_ASM23909v2,0,0
GCA_008131285.1_ASM813128v1,0,16
GCA_003335735.1_ASM333573v1,0,17
GCA_000157615.1_ASM15761v1,1,0
GCA_002260765.1_VRE2014-195,0,17
GCA_001052395.1_ASM105239v1,0,14
GCA_003335725.1_ASM333572v1,0,15
GCA_000764975.1_ASM76497v1,0,16
GCA_001056515.1_ASM105651v1,0,18
GCA_008131435.1_ASM813143v1,0,15
GCA_003242935.1_ASM324293v1,0,17
GCA_008131755.1_ASM813175v1,0,15
GCA_000442045.1_EfmE155_v1.0,0,0
GCA_002005875.1_ASM200587v1,0,15
GCA_002005805.1_ASM200580v1,0,17
GCA_000477575.1_EfmE525_v1.0,0,0
GCA_003323345.1_ASM332334v1,0,16
GCA_003333365.1_ASM333336v1,0,18
GCA_008131485.1_ASM813148v1,0,18
GCA_002945475.1_ASM294547v1,0,10
GCA_002946255.1_ASM294625v1,0,14
GCA_008131275.1_ASM813127v1,0,16
GCA_000764985.1_ASM76498v1,0,8
GCA_011386845.1_ASM1138684v1,0,15
GCA_008131725.1_ASM813172v1,0,15
GCA_001058055.1_ASM105805v1,0,17
GCA_002027515.1_ASM202751v1,0,16
GCA_010720745.1_ASM1072074v1,0,5
GCA_003335695.1_ASM333569v1,0,18
GCA_001054105.1_ASM105410v1,0,14
GCA_011386855.1_ASM1138685v1,0,15
GCA_002005905.1_ASM200590v1,0,16
GCA_011386865.1_ASM1138686v1,0,14
GCA_002005815.1_ASM200581v1,0,16
GCA_002027475.1_ASM202747v1,0,15
GCA_002006045.1_ASM200604v1,0,5
GCA_002006055.1_ASM200605v1,0,4
GCA_002005975.1_ASM200597v1,0,4
GCA_013371355.1_ASM1337135v1,0,2
GCA_013371185.1_ASM1337118v1,0,2
GCA_013371105.1_ASM1337110v1,0,3
GCA_002005935.1_ASM200593v1,0,2
GCA_013371245.1_ASM1337124v1,0,3
GCA_013371125.1_ASM1337112v1,0,3
GCA_013371255.1_ASM1337125v1,0,3
GCA_013371345.1_ASM1337134v1,0,2
GCA_013371305.1_ASM1337130v1,0,2
GCA_013371315.1_ASM1337131v1,0,3
GCA_013371115.1_ASM1337111v1,0,2
GCA_013371155.1_ASM1337115v1,0,2
GCA_013371365.1_ASM1337136v1,1,2
GCA_013371415.1_ASM1337141v1,1,2
GCA_013371205.1_ASM1337120v1,1,3
GCA_000414965.1_ASM41496v1,0,0
GCA_003171795.1_ASM317179v1,0,4
GCA_002140235.1_ASM214023v1,0,8
GCA_900143325.1_Hp_74-d2_05,0,7
GCA_900148555.1_Hp_74-d2_05,0,7
GCA_900143465.1_Hp_74-d6_05,0,3
GCA_900148655.1_Hp_74-d6_05,0,3
GCA_003173545.1_ASM317354v1,0,8
GCA_000406365.1_ASM40636v1,0,0
GCA_013523175.1_ASM1352317v1,0,19
GCA_900143405.1_Hp_23-14_05,0,4
GCA_900148525.1_Hp_23-14_05,0,4
GCA_900143435.1_Hp_7-6_05,0,3
GCA_900148635.1_Hp_7-6_05,0,3
GCA_015059595.1_ASM1505959v1,0,3
GCA_002387065.1_ASM238706v1,0,3
GCA_900143375.1_Hp_6-10_05,0,6
GCA_900148715.1_Hp_6-10_05,0,6
GCA_900143395.1_Hp_6-9_05,0,6
GCA_900148615.1_Hp_6-9_05,0,6
GCA_900143505.1_Hp_22-10_05,0,4
GCA_900148575.1_Hp_22-10_05,0,4
GCA_900143495.1_Hp_21-11_05,0,3
GCA_900148675.1_Hp_21-11_05,0,3
GCA_004103015.1_ASM410301v1,0,17
GCA_900128805.1_Efaecium0.5,0,3
GCA_900143445.1_Hp_5-7_05,0,3
GCA_900148585.1_Hp_5-7_05,0,3
GCA_900143425.1_Hp_76-7_05,0,4
GCA_900148605.1_Hp_76-7_05,0,4
GCA_002115415.1_ASM211541v1,0,16
GCA_001676845.1_ASM167684v1,0,19
GCA_900143475.1_Hp_23-9_05,0,3
GCA_900148685.1_Hp_23-9_05,0,3
GCA_901669905.1_efaVREM_assembly,0,16
GCA_003797705.1_ASM379770v1,0,8
GCA_003795845.1_ASM379584v1,0,8
GCA_003796945.1_ASM379694v1,0,8
GCA_001547555.1_ASM154755v1,0,16
GCA_002751055.2_ASM275105v2,0,18
GCA_002750945.2_ASM275094v2,0,18
GCA_001545985.1_ASM154598v1,0,18
GCA_002005915.1_ASM200591v1,0,19
GCA_001562985.1_ASM156298v1,0,21
GCA_009770375.1_ASM977037v1,0,15
GCA_002115365.1_ASM211536v1,0,15
GCA_015059585.1_ASM1505958v1,0,4
GCA_001005615.1_ASM100561v1,0,16
GCA_002115405.1_ASM211540v1,0,17
GCA_001058635.1_ASM105863v1,0,24
GCA_900148625.1_Hp_24-1_05,0,16
GCA_000981965.1_ASM98196v1,0,0
GCA_002158235.1_ASM215823v1,0,10
GCA_900080195.1_Isolate_3,0,18
